# WaveFront *.obj file (generated by Autodesk ATF)

mtllib tractor.mtl

g Body1

v 1.750000 -2.000000 2.983896
v 1.797696 -1.995338 2.990663
v 1.845179 -1.981173 2.995597
v 1.889002 -1.957710 2.998502
v 1.926465 -1.927088 2.999778
v 1.957223 -1.889732 2.999975
v 1.980881 -1.845885 2.999618
v 1.995246 -1.798173 2.999190
v 2.000000 -1.750000 2.999000
v 2.000000 -1.750000 4.750000
v 1.991481 -1.814705 4.750000
v 1.966506 -1.875000 4.750000
v 1.926777 -1.926777 4.750000
v 1.875000 -1.966506 4.750000
v 1.814705 -1.991481 4.750000
v 1.750000 -2.000000 4.750000
v 1.814705 -1.991481 3.866948
v 1.875000 -1.966506 3.866948
v 1.926619 -1.926934 3.866948
v 1.966506 -1.875000 3.866948
v 1.991481 -1.814705 3.866948
v 1.750000 -1.750000 5.000000
v 1.814705 -1.750000 4.991481
v 1.875000 -1.750000 4.966506
v 1.926777 -1.750000 4.926777
v 1.966506 -1.750000 4.875000
v 1.991481 -1.750000 4.814705
v 2.000000 1.750000 4.750000
v 1.991481 1.750000 4.814705
v 1.966506 1.750000 4.875000
v 1.926777 1.750000 4.926777
v 1.875000 1.750000 4.966506
v 1.814705 1.750000 4.991481
v 1.750000 1.750000 5.000000
v 1.814705 -0.583333 4.991481
v 1.814705 0.583333 4.991481
v 1.875000 -0.583333 4.966506
v 1.875000 0.583333 4.966506
v 1.926777 -0.583333 4.926777
v 1.926777 0.583333 4.926777
v 1.966506 -0.583333 4.875000
v 1.966506 0.583333 4.875000
v 1.991481 -0.583333 4.814705
v 1.991481 0.583333 4.814705
v 1.750000 -1.814705 4.991481
v 1.750000 -1.875000 4.966506
v 1.750000 -1.926777 4.926777
v 1.750000 -1.966506 4.875000
v 1.750000 -1.991481 4.814705
v 1.992617 -1.788478 4.796436
v 1.979376 -1.847161 4.771133
v 1.972579 -1.805058 4.849634
v 1.958106 -1.864761 4.827601
v 1.929450 -1.916642 4.800280
v 1.888565 -1.957167 4.769533
v 1.940606 -1.813621 4.898734
v 1.924166 -1.873850 4.879720
v 1.895858 -1.925639 4.851866
v 1.857609 -1.965457 4.817070
v 1.812027 -1.990593 4.777703
v 1.898734 -1.813621 4.940606
v 1.879720 -1.873850 4.924166
v 1.851866 -1.925639 4.895858
v 1.817070 -1.965457 4.857609
v 1.777703 -1.990593 4.812027
v 1.849634 -1.805058 4.972579
v 1.827601 -1.864761 4.958106
v 1.800280 -1.916642 4.929450
v 1.769533 -1.957167 4.888565
v 1.796436 -1.788478 4.992617
v 1.771133 -1.847161 4.979376
v 2.000000 1.750000 2.999000
v 1.995246 1.798173 2.999190
v 1.980881 1.845885 2.999618
v 1.957223 1.889732 2.999975
v 1.926465 1.927088 2.999778
v 1.889002 1.957710 2.998502
v 1.845179 1.981173 2.995597
v 1.797696 1.995338 2.990663
v 1.750000 2.000000 2.983896
v 1.750000 2.000000 4.750000
v 1.814705 1.991481 4.750000
v 1.875000 1.966506 4.750000
v 1.926777 1.926777 4.750000
v 1.966506 1.875000 4.750000
v 1.991481 1.814705 4.750000
v 1.991481 1.814705 3.866948
v 1.966506 1.875000 3.866948
v 1.926619 1.926934 3.866948
v 1.875000 1.966506 3.866948
v 1.814705 1.991481 3.866948
v 1.750000 1.991481 4.814705
v 1.750000 1.966506 4.875000
v 1.750000 1.926777 4.926777
v 1.750000 1.875000 4.966506
v 1.750000 1.814705 4.991481
v 1.796436 1.788478 4.992617
v 1.979376 1.847161 4.771133
v 1.992617 1.788478 4.796436
v 1.888565 1.957167 4.769533
v 1.929450 1.916642 4.800280
v 1.958106 1.864761 4.827601
v 1.972579 1.805058 4.849634
v 1.812027 1.990593 4.777703
v 1.857609 1.965457 4.817070
v 1.895858 1.925639 4.851866
v 1.924166 1.873850 4.879720
v 1.940606 1.813621 4.898734
v 1.777703 1.990593 4.812027
v 1.817070 1.965457 4.857609
v 1.851866 1.925639 4.895858
v 1.879720 1.873850 4.924166
v 1.898734 1.813621 4.940606
v 1.769533 1.957167 4.888565
v 1.800280 1.916642 4.929450
v 1.827601 1.864761 4.958106
v 1.849634 1.805058 4.972579
v 1.771133 1.847161 4.979376
v -1.750000 -2.000000 4.750000
v -1.750000 -2.000000 0.000000
v 0.700000 -2.000000 0.000000
v 0.700000 -2.000000 1.750000
v 0.734362 -2.000000 2.041075
v 0.835560 -2.000000 2.316147
v 0.998028 -2.000000 2.560093
v 1.212836 -2.000000 2.759500
v 1.468173 -2.000000 2.903405
v -1.750000 -1.750000 5.000000
v -1.750000 -1.814705 4.991481
v -1.750000 -1.875000 4.966506
v -1.750000 -1.926777 4.926777
v -1.750000 -1.966506 4.875000
v -1.750000 -1.991481 4.814705
v 0.583333 -1.991481 4.814705
v -0.583333 -1.991481 4.814705
v 0.583333 -1.966506 4.875000
v -0.583333 -1.966506 4.875000
v 0.583333 -1.926777 4.926777
v -0.583333 -1.926777 4.926777
v 0.583333 -1.875000 4.966506
v -0.583333 -1.875000 4.966506
v 0.583333 -1.814705 4.991481
v -0.583333 -1.814705 4.991481
v -1.750000 1.750000 5.000000
v -1.750000 2.000000 4.750000
v -1.750000 1.991481 4.814705
v -1.750000 1.966506 4.875000
v -1.750000 1.926777 4.926777
v -1.750000 1.875000 4.966506
v -1.750000 1.814705 4.991481
v 0.583333 1.814705 4.991481
v -0.583333 1.814705 4.991481
v 0.583333 1.875000 4.966506
v -0.583333 1.875000 4.966506
v 0.583333 1.926777 4.926777
v -0.583333 1.926777 4.926777
v 0.583333 1.966506 4.875000
v -0.583333 1.966506 4.875000
v 0.583333 1.991481 4.814705
v -0.583333 1.991481 4.814705
v 1.468173 2.000000 2.903405
v 1.212836 2.000000 2.759500
v 0.998028 2.000000 2.560093
v 0.835560 2.000000 2.316147
v 0.734362 2.000000 2.041075
v 0.700000 2.000000 1.750000
v 0.700000 2.000000 0.000000
v -1.750000 2.000000 0.000000
v 3.200000 -2.300000 1.250000
v 3.157407 -2.300000 0.926476
v 3.032532 -2.300000 0.625000
v 2.833884 -2.300000 0.366117
v 2.575000 -2.300000 0.167468
v 2.273524 -2.300000 0.042593
v 1.950000 -2.300000 0.000000
v 1.950000 2.300000 0.000000
v 2.273524 2.300000 0.042593
v 2.575000 2.300000 0.167468
v 2.833884 2.300000 0.366117
v 3.032532 2.300000 0.625000
v 3.157407 2.300000 0.926476
v 3.200000 2.300000 1.250000
v 3.200000 1.300000 1.250000
v 3.159538 1.300000 0.934535
v 3.040771 1.300000 0.639493
v 2.851388 1.300000 0.383975
v 2.603649 1.300000 0.184522
v 2.313594 1.300000 0.054049
v 2.000000 1.300000 0.001000
v 2.000000 -1.300000 0.001000
v 2.313594 -1.300000 0.054049
v 2.603649 -1.300000 0.184522
v 2.851388 -1.300000 0.383975
v 3.040771 -1.300000 0.639493
v 3.159538 -1.300000 0.934535
v 3.200000 -1.300000 1.250000
v 2.000000 -1.300000 2.999000
v 2.000000 1.300000 2.999000
v 3.200000 1.300000 1.750000
v 3.159538 1.300000 2.065465
v 3.040771 1.300000 2.360507
v 2.851388 1.300000 2.616025
v 2.603649 1.300000 2.815478
v 2.313594 1.300000 2.945951
v 3.200000 2.300000 1.750000
v 0.700000 2.300000 0.000000
v 0.700000 2.300000 1.750000
v 0.742593 2.300000 2.073524
v 0.867468 2.300000 2.375000
v 1.066117 2.300000 2.633883
v 1.325000 2.300000 2.832532
v 1.626476 2.300000 2.957407
v 1.950000 2.300000 3.000000
v 2.273524 2.300000 2.957407
v 2.575000 2.300000 2.832532
v 2.833884 2.300000 2.633883
v 3.032532 2.300000 2.375000
v 3.157407 2.300000 2.073524
v -2.000000 -1.750000 0.000000
v -1.991481 -1.814705 0.000000
v -1.966506 -1.875000 0.000000
v -1.926777 -1.926777 0.000000
v -1.875000 -1.966506 0.000000
v -1.814705 -1.991481 0.000000
v -1.814705 -1.991481 4.750000
v -1.875000 -1.966506 4.750000
v -1.926777 -1.926777 4.750000
v -1.966506 -1.875000 4.750000
v -1.991481 -1.814705 4.750000
v -2.000000 -1.750000 4.750000
v -1.991481 -1.814705 1.187500
v -1.991481 -1.814705 2.375000
v -1.991481 -1.814705 3.562500
v -1.966506 -1.875000 1.187500
v -1.966506 -1.875000 2.375000
v -1.966506 -1.875000 3.562500
v -1.926777 -1.926777 1.187500
v -1.926777 -1.926777 2.375000
v -1.926777 -1.926777 3.562500
v -1.875000 -1.966506 1.187500
v -1.875000 -1.966506 2.375000
v -1.875000 -1.966506 3.562500
v -1.814705 -1.991481 1.187500
v -1.814705 -1.991481 2.375000
v -1.814705 -1.991481 3.562500
v -1.814705 -1.750000 4.991481
v -1.875000 -1.750000 4.966506
v -1.926777 -1.750000 4.926777
v -1.966506 -1.750000 4.875000
v -1.991481 -1.750000 4.814705
v -1.940606 -1.813621 4.898734
v -1.924166 -1.873850 4.879720
v -1.895858 -1.925639 4.851866
v -1.857609 -1.965457 4.817070
v -1.812027 -1.990593 4.777703
v -1.777703 -1.990593 4.812027
v -1.817070 -1.965457 4.857609
v -1.851866 -1.925639 4.895858
v -1.879720 -1.873850 4.924166
v -1.898734 -1.813621 4.940606
v -1.769533 -1.957167 4.888565
v -1.800280 -1.916642 4.929450
v -1.827601 -1.864761 4.958106
v -1.849634 -1.805058 4.972579
v -1.771133 -1.847161 4.979376
v -1.796436 -1.788478 4.992617
v -1.972579 -1.805058 4.849634
v -1.958106 -1.864761 4.827601
v -1.929450 -1.916642 4.800280
v -1.888565 -1.957167 4.769533
v -1.992617 -1.788478 4.796436
v -1.979376 -1.847161 4.771133
v -2.000000 1.750000 4.750000
v -2.000000 1.750000 0.000000
v -2.000000 1.000000 0.000000
v -2.000000 1.000000 2.700000
v -2.000000 -1.000000 2.700000
v -2.000000 -1.000000 0.000000
v -1.814705 1.750000 4.991481
v -1.875000 1.750000 4.966506
v -1.926777 1.750000 4.926777
v -1.966506 1.750000 4.875000
v -1.991481 1.750000 4.814705
v -1.991481 -0.583333 4.814705
v -1.991481 0.583333 4.814705
v -1.966506 -0.583333 4.875000
v -1.966506 0.583333 4.875000
v -1.926777 -0.583333 4.926777
v -1.926777 0.583333 4.926777
v -1.875000 -0.583333 4.966506
v -1.875000 0.583333 4.966506
v -1.814705 -0.583333 4.991481
v -1.814705 0.583333 4.991481
v -1.814705 1.991481 0.000000
v -1.875000 1.966506 0.000000
v -1.926777 1.926777 0.000000
v -1.966506 1.875000 0.000000
v -1.991481 1.814705 0.000000
v -1.991481 1.814705 4.750000
v -1.966506 1.875000 4.750000
v -1.926777 1.926777 4.750000
v -1.875000 1.966506 4.750000
v -1.814705 1.991481 4.750000
v -1.814705 1.991481 1.187500
v -1.814705 1.991481 2.375000
v -1.814705 1.991481 3.562500
v -1.875000 1.966506 1.187500
v -1.875000 1.966506 2.375000
v -1.875000 1.966506 3.562500
v -1.926777 1.926777 1.187500
v -1.926777 1.926777 2.375000
v -1.926777 1.926777 3.562500
v -1.966506 1.875000 1.187500
v -1.966506 1.875000 2.375000
v -1.966506 1.875000 3.562500
v -1.991481 1.814705 1.187500
v -1.991481 1.814705 2.375000
v -1.991481 1.814705 3.562500
v -1.992617 1.788478 4.796436
v -1.898734 1.813621 4.940606
v -1.879720 1.873850 4.924166
v -1.851866 1.925639 4.895858
v -1.817070 1.965457 4.857609
v -1.777703 1.990593 4.812027
v -1.812027 1.990593 4.777703
v -1.857609 1.965457 4.817070
v -1.895858 1.925639 4.851866
v -1.924166 1.873850 4.879720
v -1.940606 1.813621 4.898734
v -1.888565 1.957167 4.769533
v -1.929450 1.916642 4.800280
v -1.958106 1.864761 4.827601
v -1.972579 1.805058 4.849634
v -1.979376 1.847161 4.771133
v -1.849634 1.805058 4.972579
v -1.827601 1.864761 4.958106
v -1.800280 1.916642 4.929450
v -1.769533 1.957167 4.888565
v -1.796436 1.788478 4.992617
v -1.771133 1.847161 4.979376
v 1.816347 2.000000 2.992834
v 1.883078 2.000000 2.998207
v 1.950000 2.000000 3.000000
v 0.700000 -2.300000 1.750000
v 0.742593 -2.300000 2.073524
v 0.867468 -2.300000 2.375000
v 1.066117 -2.300000 2.633883
v 1.325000 -2.300000 2.832532
v 1.626476 -2.300000 2.957407
v 1.950000 -2.300000 3.000000
v 1.950000 -2.000000 3.000000
v 1.883078 -2.000000 2.998207
v 1.816347 -2.000000 2.992834
v 0.700000 -2.300000 0.000000
v 2.273524 -2.300000 2.957407
v 2.575000 -2.300000 2.832532
v 2.833884 -2.300000 2.633883
v 3.032532 -2.300000 2.375000
v 3.157407 -2.300000 2.073524
v 3.200000 -2.300000 1.750000
v 3.200000 -1.300000 1.750000
v 3.159538 -1.300000 2.065465
v 3.040771 -1.300000 2.360507
v 2.851388 -1.300000 2.616025
v 2.603649 -1.300000 2.815478
v 2.313594 -1.300000 2.945951
v -5.500000 -1.000000 0.900000
v -5.482714 -1.000000 1.350505
v -5.420765 -1.000000 1.753733
v -5.368655 -1.000000 1.930532
v -5.302026 -1.000000 2.084955
v -5.220316 -1.000000 2.218085
v -5.123041 -1.000000 2.331343
v -5.010221 -1.000000 2.425973
v -4.881462 -1.000000 2.503819
v -4.733441 -1.000000 2.567616
v -4.563778 -1.000000 2.618331
v -4.163171 -1.000000 2.681581
v -3.700000 -1.000000 2.700000
v -3.700000 0.000000 2.700000
v -3.700000 1.000000 2.700000
v -4.150505 1.000000 2.682714
v -4.553733 1.000000 2.620765
v -4.730532 1.000000 2.568655
v -4.884955 1.000000 2.502026
v -5.018085 1.000000 2.420316
v -5.131343 1.000000 2.323041
v -5.225973 1.000000 2.210221
v -5.303819 1.000000 2.081462
v -5.367616 1.000000 1.933441
v -5.418331 1.000000 1.763778
v -5.481581 1.000000 1.363171
v -5.500000 1.000000 0.900000
v -5.500000 0.000000 0.900000
v -4.015234 0.750000 2.692051
v -5.493686 0.500000 1.183114
v -4.015234 -0.500000 2.692051
v -4.276779 -0.500000 2.669504
v -4.496338 -0.500000 2.633635
v -4.682296 -0.500000 2.585010
v -4.824378 -0.500000 2.531095
v -4.962308 -0.500000 2.457991
v -5.080387 -0.500000 2.370818
v -5.181238 -0.500000 2.268159
v -5.266788 -0.500000 2.148018
v -5.338393 -0.500000 2.007685
v -5.396910 -0.500000 1.843533
v -5.442719 -0.500000 1.650705
v -5.475698 -0.500000 1.422637
v -5.493686 -0.500000 1.183114
v -4.015234 0.250000 2.692051
v -4.276779 0.250000 2.669504
v -4.496338 0.250000 2.633635
v -4.682296 0.250000 2.585010
v -4.824378 0.250000 2.531095
v -4.962308 0.250000 2.457991
v -5.080387 0.250000 2.370818
v -5.181238 0.250000 2.268159
v -5.266788 0.250000 2.148018
v -5.338393 0.250000 2.007685
v -5.396910 0.250000 1.843533
v -5.442719 0.250000 1.650705
v -5.475698 0.250000 1.422637
v -5.493686 0.250000 1.183114
v -5.493686 0.000000 1.183114
v -5.475698 0.000000 1.422637
v -5.442719 0.000000 1.650705
v -5.396910 0.000000 1.843533
v -5.338393 0.000000 2.007685
v -5.266788 0.000000 2.148018
v -5.181238 0.000000 2.268159
v -5.080387 0.000000 2.370818
v -4.962308 0.000000 2.457991
v -4.824378 0.000000 2.531095
v -4.682296 0.000000 2.585010
v -4.496338 0.000000 2.633635
v -4.276779 0.000000 2.669504
v -4.015234 0.000000 2.692051
v -5.493686 0.875000 1.183114
v -5.475698 0.875000 1.422637
v -5.442719 0.875000 1.650705
v -5.396910 0.875000 1.843533
v -5.338393 0.875000 2.007685
v -5.266788 0.875000 2.148018
v -5.181238 0.875000 2.268159
v -5.080387 0.875000 2.370818
v -4.962308 0.875000 2.457991
v -4.824378 0.875000 2.531095
v -4.682296 0.875000 2.585010
v -4.496338 0.875000 2.633635
v -4.276779 0.875000 2.669504
v -4.015234 0.875000 2.692051
v -4.015234 0.500000 2.692051
v -4.276779 0.500000 2.669504
v -4.496338 0.500000 2.633635
v -4.682296 0.500000 2.585010
v -4.824378 0.500000 2.531095
v -4.962308 0.500000 2.457991
v -5.080387 0.500000 2.370818
v -5.181238 0.500000 2.268159
v -5.266788 0.500000 2.148018
v -5.338393 0.500000 2.007685
v -5.396910 0.500000 1.843533
v -5.442719 0.500000 1.650705
v -5.475698 0.500000 1.422637
v -5.493686 0.625000 1.183114
v -4.015234 0.625000 2.692051
v -4.276779 0.625000 2.669504
v -4.496338 0.625000 2.633635
v -4.682296 0.625000 2.585010
v -4.824378 0.625000 2.531095
v -4.962308 0.625000 2.457991
v -5.080387 0.625000 2.370818
v -5.181238 0.625000 2.268159
v -5.266788 0.625000 2.148018
v -5.338393 0.625000 2.007685
v -5.396910 0.625000 1.843533
v -5.442719 0.625000 1.650705
v -5.475698 0.625000 1.422637
v -4.276779 0.750000 2.669504
v -4.496338 0.750000 2.633635
v -4.682296 0.750000 2.585010
v -4.824378 0.750000 2.531095
v -4.962308 0.750000 2.457991
v -5.080387 0.750000 2.370818
v -5.181238 0.750000 2.268159
v -5.266788 0.750000 2.148018
v -5.338393 0.750000 2.007685
v -5.396910 0.750000 1.843533
v -5.442719 0.750000 1.650705
v -5.475698 0.750000 1.422637
v -5.493686 0.750000 1.183114
v -5.500000 -1.000000 0.000000
v -4.600000 -1.000000 0.000000
v -4.600000 -1.000000 0.600000
v -4.569333 -1.000000 0.832937
v -4.479423 -1.000000 1.050000
v -4.336396 -1.000000 1.236396
v -4.150000 -1.000000 1.379423
v -3.932937 -1.000000 1.469333
v -3.700000 -1.000000 1.500000
v -3.467063 -1.000000 1.469333
v -3.250000 -1.000000 1.379423
v -3.063604 -1.000000 1.236396
v -2.920577 -1.000000 1.050000
v -2.830667 -1.000000 0.832937
v -2.800000 -1.000000 0.600000
v -2.800000 -1.000000 0.000000
v -3.700000 -1.800000 1.500000
v -3.467063 -1.800000 1.469333
v -3.250000 -1.800000 1.379423
v -3.063604 -1.800000 1.236396
v -2.920577 -1.800000 1.050000
v -2.830667 -1.800000 0.832937
v -2.800000 -1.800000 0.600000
v -4.600000 -1.800000 0.600000
v -4.569333 -1.800000 0.832937
v -4.479423 -1.800000 1.050000
v -4.336396 -1.800000 1.236396
v -4.150000 -1.800000 1.379423
v -3.932937 -1.800000 1.469333
v -4.600000 -1.800000 0.000000
v -2.800000 -1.800000 0.000000
v -2.800000 1.800000 0.600000
v -2.830667 1.800000 0.832937
v -2.920577 1.800000 1.050000
v -3.063604 1.800000 1.236396
v -3.250000 1.800000 1.379423
v -3.467063 1.800000 1.469333
v -3.700000 1.800000 1.500000
v -3.700000 1.000000 1.500000
v -3.467063 1.000000 1.469333
v -3.250000 1.000000 1.379423
v -3.063604 1.000000 1.236396
v -2.920577 1.000000 1.050000
v -2.830667 1.000000 0.832937
v -2.800000 1.000000 0.600000
v -2.800000 1.800000 0.000000
v -4.600000 1.800000 0.000000
v -4.600000 1.800000 0.600000
v -4.569333 1.800000 0.832937
v -4.479423 1.800000 1.050000
v -4.336396 1.800000 1.236396
v -4.150000 1.800000 1.379423
v -3.932937 1.800000 1.469333
v -2.800000 1.000000 0.000000
v -4.600000 1.000000 0.600000
v -4.569333 1.000000 0.832937
v -4.479423 1.000000 1.050000
v -4.336396 1.000000 1.236396
v -4.150000 1.000000 1.379423
v -3.932937 1.000000 1.469333
v -4.600000 1.000000 0.000000
v -5.500000 1.000000 0.000000
vt -4.750000 -0.196350 0.000000
vt -2.983896 -0.196350 0.000000
vt -3.866948 -0.130900 0.000000
vt -2.990663 -0.148346 0.000000
vt -2.995597 -0.098707 0.000000
vt -3.866948 -0.065450 0.000000
vt -2.998502 -0.048910 0.000000
vt -3.866948 -0.000222 0.000000
vt -2.999778 -0.000441 0.000000
vt -2.999975 0.048031 0.000000
vt -3.866948 0.065450 0.000000
vt -2.999618 0.097943 0.000000
vt -3.866948 0.130900 0.000000
vt -2.999190 0.147861 0.000000
vt -4.750000 0.196350 0.000000
vt -2.999000 0.196350 0.000000
vt -4.750000 0.130900 0.000000
vt -4.750000 0.065450 0.000000
vt -4.750000 0.000000 0.000000
vt -4.750000 -0.065450 0.000000
vt -4.750000 -0.130900 0.000000
vt 0.750000 -0.130900 0.000000
vt -0.416667 -0.130900 0.000000
vt 0.750000 -0.196350 0.000000
vt -1.583333 -0.130900 0.000000
vt -2.750000 -0.196350 0.000000
vt -2.750000 -0.130900 0.000000
vt -2.750000 -0.065450 0.000000
vt -1.583333 -0.065450 0.000000
vt -2.750000 0.000000 0.000000
vt -1.583333 0.000000 0.000000
vt -2.750000 0.065450 0.000000
vt -1.583333 0.065450 0.000000
vt -2.750000 0.130900 0.000000
vt -1.583333 0.130900 0.000000
vt -2.750000 0.196350 0.000000
vt -0.416667 0.130900 0.000000
vt 0.750000 0.196350 0.000000
vt 0.750000 0.130900 0.000000
vt 0.750000 0.065450 0.000000
vt -0.416667 0.065450 0.000000
vt 0.750000 0.000000 0.000000
vt -0.416667 0.000000 0.000000
vt 0.750000 -0.065450 0.000000
vt -0.416667 -0.065450 0.000000
vt 0.046013 -0.189252 0.000000
vt 0.105134 -0.218329 0.000000
vt 0.088420 -0.155949 0.000000
vt 0.130900 -0.151654 0.000000
vt 0.088420 -0.093570 0.000000
vt 0.147896 -0.078132 0.000000
vt 0.088420 -0.031190 0.000000
vt 0.153870 -0.000000 0.000000
vt 0.088420 0.031190 0.000000
vt 0.147896 0.078132 0.000000
vt 0.088420 0.093570 0.000000
vt 0.130900 0.151654 0.000000
vt 0.088420 0.155949 0.000000
vt 0.105134 0.218329 0.000000
vt 0.046013 0.189252 0.000000
vt 0.022970 0.155949 0.000000
vt -0.013681 0.162678 0.000000
vt 0.022970 0.093570 0.000000
vt -0.042480 0.093570 0.000000
vt 0.022970 0.031190 0.000000
vt -0.042480 0.031190 0.000000
vt 0.022970 -0.031190 0.000000
vt -0.042480 -0.031190 0.000000
vt 0.022970 -0.093570 0.000000
vt -0.042480 -0.093570 0.000000
vt -0.013681 -0.162678 0.000000
vt -0.073211 -0.135389 0.000000
vt -0.107929 -0.093570 0.000000
vt -0.131762 -0.103840 0.000000
vt -0.107929 -0.031190 0.000000
vt -0.173379 -0.031190 0.000000
vt -0.173379 0.031190 0.000000
vt -0.238829 0.000000 0.000000
vt -0.187970 0.062404 0.000000
vt -0.131762 0.103840 0.000000
vt -0.107929 0.031190 0.000000
vt -0.107929 0.093570 0.000000
vt -0.073211 0.135389 0.000000
vt -0.187970 -0.062404 0.000000
vt 0.022970 -0.155949 0.000000
vt -4.750000 -0.196350 0.000000
vt -2.999000 -0.196350 0.000000
vt -3.866948 -0.130900 0.000000
vt -2.999190 -0.147861 0.000000
vt -2.999618 -0.097943 0.000000
vt -3.866948 -0.065450 0.000000
vt -2.999975 -0.048031 0.000000
vt -3.866948 0.000222 0.000000
vt -2.999778 0.000441 0.000000
vt -2.998502 0.048910 0.000000
vt -3.866948 0.065450 0.000000
vt -2.995597 0.098707 0.000000
vt -3.866948 0.130900 0.000000
vt -2.990663 0.148346 0.000000
vt -4.750000 0.196350 0.000000
vt -2.983896 0.196350 0.000000
vt -4.750000 0.130900 0.000000
vt -4.750000 0.065450 0.000000
vt -4.750000 0.000000 0.000000
vt -4.750000 -0.065450 0.000000
vt -4.750000 -0.130900 0.000000
vt -0.130900 -0.151654 0.000000
vt -0.105134 -0.218329 0.000000
vt -0.088420 -0.155949 0.000000
vt -0.046013 -0.189252 0.000000
vt -0.022970 -0.155949 0.000000
vt 0.013681 -0.162678 0.000000
vt -0.022970 -0.093570 0.000000
vt 0.042480 -0.093570 0.000000
vt -0.022970 -0.031190 0.000000
vt 0.042480 -0.031190 0.000000
vt -0.022970 0.031190 0.000000
vt 0.042480 0.031190 0.000000
vt -0.022970 0.093570 0.000000
vt 0.042480 0.093570 0.000000
vt 0.013681 0.162678 0.000000
vt 0.073211 0.135389 0.000000
vt 0.107929 0.093570 0.000000
vt 0.131762 0.103840 0.000000
vt 0.107929 0.031190 0.000000
vt 0.173379 0.031190 0.000000
vt 0.173379 -0.031190 0.000000
vt 0.238829 0.000000 0.000000
vt 0.187970 -0.062404 0.000000
vt 0.131762 -0.103840 0.000000
vt 0.107929 -0.031190 0.000000
vt 0.107929 -0.093570 0.000000
vt 0.073211 -0.135389 0.000000
vt 0.187970 0.062404 0.000000
vt -0.022970 0.155949 0.000000
vt -0.046013 0.189252 0.000000
vt -0.088420 0.155949 0.000000
vt -0.105134 0.218329 0.000000
vt -0.130900 0.151654 0.000000
vt -0.088420 0.093570 0.000000
vt -0.147896 0.078132 0.000000
vt -0.088420 0.031190 0.000000
vt -0.153870 -0.000000 0.000000
vt -0.088420 -0.031190 0.000000
vt -0.147896 -0.078132 0.000000
vt -0.088420 -0.093570 0.000000
vt 3.750000 2.983896 0.000000
vt 3.750000 4.750000 0.000000
vt 3.468173 2.903405 0.000000
vt 3.212836 2.759500 0.000000
vt 2.998028 2.560093 0.000000
vt 0.250000 4.750000 0.000000
vt 2.835560 2.316147 0.000000
vt 2.734362 2.041075 0.000000
vt 0.250000 0.000000 0.000000
vt 2.700000 1.750000 0.000000
vt 2.700000 0.000000 0.000000
vt -2.750000 0.130900 0.000000
vt -1.583333 0.130900 0.000000
vt -2.750000 0.196350 0.000000
vt -0.416667 0.130900 0.000000
vt 0.750000 0.196350 0.000000
vt 0.750000 0.130900 0.000000
vt 0.750000 0.065450 0.000000
vt -0.416667 0.065450 0.000000
vt 0.750000 0.000000 0.000000
vt -0.416667 0.000000 0.000000
vt 0.750000 -0.065450 0.000000
vt -0.416667 -0.065450 0.000000
vt 0.750000 -0.130900 0.000000
vt -0.416667 -0.130900 0.000000
vt 0.750000 -0.196350 0.000000
vt -1.583333 -0.130900 0.000000
vt -2.750000 -0.196350 0.000000
vt -2.750000 -0.130900 0.000000
vt -2.750000 -0.065450 0.000000
vt -1.583333 -0.065450 0.000000
vt -2.750000 0.000000 0.000000
vt -1.583333 0.000000 0.000000
vt -2.750000 0.065450 0.000000
vt -1.583333 0.065450 0.000000
vt 1.750000 1.750000 0.000000
vt -1.750000 1.750000 0.000000
vt 1.750000 -1.750000 0.000000
vt -1.750000 -1.750000 0.000000
vt 0.750000 -0.130900 0.000000
vt -0.416667 -0.130900 0.000000
vt 0.750000 -0.196350 0.000000
vt -1.583333 -0.130900 0.000000
vt -2.750000 -0.196350 0.000000
vt -2.750000 -0.130900 0.000000
vt -2.750000 -0.065450 0.000000
vt -1.583333 -0.065450 0.000000
vt -2.750000 0.000000 0.000000
vt -1.583333 0.000000 0.000000
vt -2.750000 0.065450 0.000000
vt -1.583333 0.065450 0.000000
vt -2.750000 0.130900 0.000000
vt -1.583333 0.130900 0.000000
vt -2.750000 0.196350 0.000000
vt -0.416667 0.130900 0.000000
vt 0.750000 0.196350 0.000000
vt 0.750000 0.130900 0.000000
vt 0.750000 0.065450 0.000000
vt -0.416667 0.065450 0.000000
vt 0.750000 0.000000 0.000000
vt -0.416667 0.000000 0.000000
vt 0.750000 -0.065450 0.000000
vt -0.416667 -0.065450 0.000000
vt 0.250000 2.983896 0.000000
vt 0.531827 2.903405 0.000000
vt 0.250000 4.750000 0.000000
vt 0.787164 2.759500 0.000000
vt 1.001972 2.560093 0.000000
vt 3.750000 4.750000 0.000000
vt 1.164440 2.316147 0.000000
vt 1.265638 2.041075 0.000000
vt 3.750000 0.000000 0.000000
vt 1.300000 1.750000 0.000000
vt 1.300000 0.000000 0.000000
vt -0.150000 0.981748 0.000000
vt -1.150000 0.981748 0.000000
vt -0.150000 0.662834 0.000000
vt -1.150000 0.654498 0.000000
vt -0.150000 0.343920 0.000000
vt -1.150000 0.327249 0.000000
vt -0.150000 0.025007 0.000000
vt -1.150000 0.000000 0.000000
vt -0.150000 -0.293907 0.000000
vt -1.150000 -0.327249 0.000000
vt -0.150000 -0.612821 0.000000
vt -1.150000 -0.654498 0.000000
vt -0.150000 -0.931734 0.000000
vt -1.150000 -0.981748 0.000000
vt 3.450000 -0.981748 0.000000
vt 2.450000 -0.931734 0.000000
vt 3.450000 -0.654498 0.000000
vt 2.450000 -0.612821 0.000000
vt 3.450000 -0.327249 0.000000
vt 2.450000 -0.293907 0.000000
vt 3.450000 0.000000 0.000000
vt 2.450000 0.025007 0.000000
vt 3.450000 0.327249 0.000000
vt 2.450000 0.343920 0.000000
vt 3.450000 0.654498 0.000000
vt 2.450000 0.662834 0.000000
vt 3.450000 0.981748 0.000000
vt 2.450000 0.981748 0.000000
vt 0.250000 2.999000 0.000000
vt 0.700000 2.999000 0.000000
vt 0.250000 4.750000 0.000000
vt 3.300000 2.999000 0.000000
vt 3.750000 4.750000 0.000000
vt 3.750000 2.999000 0.000000
vt 0.700000 0.001000 0.000000
vt 3.300000 0.001000 0.000000
vt 0.000000 2.999000 0.000000
vt 0.000000 0.001000 0.000000
vt 0.313594 2.945951 0.000000
vt 0.313594 0.054049 0.000000
vt 0.603649 0.184522 0.000000
vt 0.603649 2.815478 0.000000
vt 0.851388 0.383975 0.000000
vt 0.851388 2.616025 0.000000
vt 1.040771 0.639493 0.000000
vt 1.040771 2.360507 0.000000
vt 1.200000 1.250000 0.000000
vt 1.200000 1.750000 0.000000
vt 1.159538 0.934535 0.000000
vt 1.159538 2.065465 0.000000
vt 0.000000 1.250000 0.000000
vt 1.000000 1.250000 0.000000
vt 0.000000 1.750000 0.000000
vt 1.000000 1.750000 0.000000
vt -0.000000 1.750000 0.000000
vt -0.000000 1.250000 0.000000
vt 2.500000 1.750000 0.000000
vt 0.042593 0.926476 0.000000
vt 0.167468 0.625000 0.000000
vt 0.366117 0.366117 0.000000
vt 0.625000 0.167468 0.000000
vt 0.926476 0.042593 0.000000
vt 1.250000 0.000000 0.000000
vt 2.500000 0.000000 0.000000
vt 2.457407 2.073524 0.000000
vt 2.332532 2.375000 0.000000
vt 2.133884 2.633883 0.000000
vt 1.875000 2.832532 0.000000
vt 1.573524 2.957407 0.000000
vt 1.250000 3.000000 0.000000
vt 0.926476 2.957407 0.000000
vt 0.625000 2.832532 0.000000
vt 0.366117 2.633883 0.000000
vt 0.167468 2.375000 0.000000
vt 0.042593 2.073524 0.000000
vt -0.000000 -0.130900 0.000000
vt -1.187500 -0.130900 0.000000
vt -0.000000 -0.196350 0.000000
vt -2.375000 -0.130900 0.000000
vt -4.750000 -0.196350 0.000000
vt -3.562500 -0.130900 0.000000
vt -4.750000 -0.130900 0.000000
vt -4.750000 -0.065450 0.000000
vt -3.562500 -0.065450 0.000000
vt -4.750000 0.000000 0.000000
vt -3.562500 0.000000 0.000000
vt -4.750000 0.065450 0.000000
vt -3.562500 0.065450 0.000000
vt -4.750000 0.130900 0.000000
vt -3.562500 0.130900 0.000000
vt -4.750000 0.196350 0.000000
vt -2.375000 0.130900 0.000000
vt -0.000000 0.196350 0.000000
vt -1.187500 0.130900 0.000000
vt -0.000000 0.130900 0.000000
vt -0.000000 0.065450 0.000000
vt -1.187500 0.065450 0.000000
vt -0.000000 0.000000 0.000000
vt -1.187500 0.000000 0.000000
vt -0.000000 -0.065450 0.000000
vt -1.187500 -0.065450 0.000000
vt -2.375000 -0.065450 0.000000
vt -2.375000 0.000000 0.000000
vt -2.375000 0.065450 0.000000
vt -0.187970 -0.062404 0.000000
vt -0.173379 -0.031190 0.000000
vt -0.238829 0.000000 0.000000
vt -0.173379 0.031190 0.000000
vt -0.187970 0.062404 0.000000
vt -0.131762 0.103840 0.000000
vt -0.107929 0.031190 0.000000
vt -0.107929 0.093570 0.000000
vt -0.042480 0.031190 0.000000
vt -0.042480 0.093570 0.000000
vt 0.022970 0.031190 0.000000
vt 0.022970 0.093570 0.000000
vt 0.088420 0.031190 0.000000
vt 0.088420 0.093570 0.000000
vt 0.147896 0.078132 0.000000
vt 0.130900 0.151654 0.000000
vt -0.131762 -0.103840 0.000000
vt -0.107929 -0.031190 0.000000
vt -0.107929 -0.093570 0.000000
vt -0.073211 -0.135389 0.000000
vt -0.042480 -0.093570 0.000000
vt -0.013681 -0.162678 0.000000
vt 0.022970 -0.093570 0.000000
vt 0.022970 -0.155949 0.000000
vt 0.088420 -0.155949 0.000000
vt 0.046013 -0.189252 0.000000
vt 0.105134 -0.218329 0.000000
vt 0.130900 -0.151654 0.000000
vt 0.088420 -0.093570 0.000000
vt 0.022970 -0.031190 0.000000
vt -0.042480 -0.031190 0.000000
vt 0.147896 -0.078132 0.000000
vt 0.088420 -0.031190 0.000000
vt 0.153870 0.000000 0.000000
vt 0.088420 0.155949 0.000000
vt 0.105134 0.218329 0.000000
vt 0.046013 0.189252 0.000000
vt 0.022970 0.155949 0.000000
vt -0.013681 0.162678 0.000000
vt -0.073211 0.135389 0.000000
vt 3.000000 0.000000 0.000000
vt 3.750000 0.000000 0.000000
vt 3.000000 2.700000 0.000000
vt 3.750000 4.750000 0.000000
vt 0.250000 4.750000 0.000000
vt 1.000000 2.700000 0.000000
vt 0.250000 0.000000 0.000000
vt 1.000000 0.000000 0.000000
vt -2.750000 0.130900 0.000000
vt -1.583333 0.130900 0.000000
vt -2.750000 0.196350 0.000000
vt -0.416667 0.130900 0.000000
vt 0.750000 0.196350 0.000000
vt 0.750000 0.130900 0.000000
vt 0.750000 0.065450 0.000000
vt -0.416667 0.065450 0.000000
vt 0.750000 0.000000 0.000000
vt -0.416667 0.000000 0.000000
vt 0.750000 -0.065450 0.000000
vt -0.416667 -0.065450 0.000000
vt 0.750000 -0.130900 0.000000
vt -0.416667 -0.130900 0.000000
vt 0.750000 -0.196350 0.000000
vt -1.583333 -0.130900 0.000000
vt -2.750000 -0.196350 0.000000
vt -2.750000 -0.130900 0.000000
vt -2.750000 -0.065450 0.000000
vt -1.583333 -0.065450 0.000000
vt -2.750000 0.000000 0.000000
vt -1.583333 0.000000 0.000000
vt -2.750000 0.065450 0.000000
vt -1.583333 0.065450 0.000000
vt -0.000000 -0.130900 0.000000
vt -1.187500 -0.130900 0.000000
vt -0.000000 -0.196350 0.000000
vt -2.375000 -0.130900 0.000000
vt -4.750000 -0.196350 0.000000
vt -3.562500 -0.130900 0.000000
vt -4.750000 -0.130900 0.000000
vt -4.750000 -0.065450 0.000000
vt -3.562500 -0.065450 0.000000
vt -4.750000 0.000000 0.000000
vt -3.562500 0.000000 0.000000
vt -4.750000 0.065450 0.000000
vt -3.562500 0.065450 0.000000
vt -4.750000 0.130900 0.000000
vt -3.562500 0.130900 0.000000
vt -4.750000 0.196350 0.000000
vt -2.375000 0.130900 0.000000
vt -0.000000 0.196350 0.000000
vt -1.187500 0.130900 0.000000
vt -0.000000 0.130900 0.000000
vt -0.000000 0.065450 0.000000
vt -1.187500 0.065450 0.000000
vt -0.000000 0.000000 0.000000
vt -1.187500 0.000000 0.000000
vt -0.000000 -0.065450 0.000000
vt -1.187500 -0.065450 0.000000
vt -2.375000 -0.065450 0.000000
vt -2.375000 0.000000 0.000000
vt -2.375000 0.065450 0.000000
vt 0.187970 0.062404 0.000000
vt 0.173379 0.031190 0.000000
vt 0.238829 0.000000 0.000000
vt 0.173379 -0.031190 0.000000
vt 0.187970 -0.062404 0.000000
vt 0.131762 -0.103840 0.000000
vt 0.107929 -0.031190 0.000000
vt 0.107929 -0.093570 0.000000
vt 0.042480 -0.031190 0.000000
vt 0.042480 -0.093570 0.000000
vt -0.022970 -0.031190 0.000000
vt -0.022970 -0.093570 0.000000
vt -0.088420 -0.031190 0.000000
vt -0.088420 -0.093570 0.000000
vt -0.147896 -0.078132 0.000000
vt -0.130900 -0.151654 0.000000
vt 0.131762 0.103840 0.000000
vt 0.107929 0.031190 0.000000
vt 0.107929 0.093570 0.000000
vt 0.073211 0.135389 0.000000
vt 0.042480 0.093570 0.000000
vt 0.013681 0.162678 0.000000
vt -0.022970 0.093570 0.000000
vt -0.022970 0.155949 0.000000
vt -0.088420 0.155949 0.000000
vt -0.046013 0.189252 0.000000
vt -0.105134 0.218329 0.000000
vt -0.130900 0.151654 0.000000
vt -0.088420 0.093570 0.000000
vt -0.022970 0.031190 0.000000
vt 0.042480 0.031190 0.000000
vt -0.147896 0.078132 0.000000
vt -0.088420 0.031190 0.000000
vt -0.153870 0.000000 0.000000
vt -0.088420 -0.155949 0.000000
vt -0.105134 -0.218329 0.000000
vt -0.046013 -0.189252 0.000000
vt -0.022970 -0.155949 0.000000
vt 0.013681 -0.162678 0.000000
vt 0.073211 -0.135389 0.000000
vt 0.250000 -0.654499 0.000000
vt -0.050000 -0.847839 0.000000
vt 0.250000 -0.981748 0.000000
vt -0.050000 -0.914793 0.000000
vt -0.050000 -0.981748 0.000000
vt 0.250000 -0.327249 0.000000
vt -0.050000 -0.487112 0.000000
vt -0.050000 -0.780884 0.000000
vt -0.050000 -0.193340 0.000000
vt 0.250000 -0.000000 0.000000
vt -0.050000 0.100432 0.000000
vt 0.250000 0.327249 0.000000
vt -0.050000 0.394204 0.000000
vt 0.250000 0.654498 0.000000
vt -0.050000 0.687976 0.000000
vt 0.250000 0.981748 0.000000
vt -0.050000 0.981748 0.000000
vt 0.250000 0.981748 0.000000
vt -0.750000 0.981748 0.000000
vt 0.250000 0.662834 0.000000
vt -0.750000 0.654498 0.000000
vt 0.250000 0.343920 0.000000
vt -0.750000 0.327249 0.000000
vt 0.250000 0.025007 0.000000
vt -0.750000 0.000000 0.000000
vt 0.250000 -0.293907 0.000000
vt -0.750000 -0.327249 0.000000
vt 0.250000 -0.612821 0.000000
vt -0.750000 -0.654498 0.000000
vt -0.200000 -0.931734 0.000000
vt -0.750000 -0.981748 0.000000
vt -0.248172 -0.936492 0.000000
vt -0.295885 -0.950864 0.000000
vt -0.339732 -0.974525 0.000000
vt -0.450000 -0.981748 0.000000
vt -0.377088 -1.005284 0.000000
vt -0.450000 -1.048702 0.000000
vt -0.407710 -1.042771 0.000000
vt -0.431173 -1.086692 0.000000
vt -0.450000 -1.115657 0.000000
vt -0.445338 -1.134434 0.000000
vt -0.450000 -1.182611 0.000000
vt 0.250000 -0.931734 0.000000
vt -0.100000 0.981748 0.000000
vt -0.400000 0.981748 0.000000
vt -0.100000 0.687976 0.000000
vt -0.400000 0.654498 0.000000
vt -0.100000 0.394204 0.000000
vt -0.400000 0.327249 0.000000
vt -0.100000 0.100432 0.000000
vt -0.400000 -0.000000 0.000000
vt -0.100000 -0.193340 0.000000
vt -0.400000 -0.327249 0.000000
vt -0.100000 -0.487112 0.000000
vt -0.400000 -0.654499 0.000000
vt -0.100000 -0.780884 0.000000
vt -0.100000 -0.847839 0.000000
vt -0.400000 -0.981748 0.000000
vt -0.100000 -0.914793 0.000000
vt -0.100000 -0.981748 0.000000
vt 0.300000 1.750000 0.000000
vt -0.000000 1.750000 0.000000
vt 0.300000 0.000000 0.000000
vt -0.000000 0.000000 0.000000
vt 0.250000 -0.981748 0.000000
vt -0.160268 -0.974525 0.000000
vt -0.050000 -0.981748 0.000000
vt -0.122912 -1.005284 0.000000
vt -0.050000 -1.048702 0.000000
vt -0.092290 -1.042771 0.000000
vt -0.068827 -1.086692 0.000000
vt 0.250000 -0.654498 0.000000
vt -0.300000 -0.931734 0.000000
vt -0.251828 -0.936492 0.000000
vt -0.204115 -0.950864 0.000000
vt -0.750000 -0.612821 0.000000
vt 0.250000 -0.327249 0.000000
vt -0.750000 -0.293907 0.000000
vt 0.250000 0.000000 0.000000
vt -0.750000 0.025007 0.000000
vt 0.250000 0.327249 0.000000
vt -0.750000 0.343920 0.000000
vt 0.250000 0.654498 0.000000
vt -0.750000 0.662834 0.000000
vt 0.250000 0.981748 0.000000
vt -0.750000 0.981748 0.000000
vt -0.750000 -0.931734 0.000000
vt -0.050000 -1.115657 0.000000
vt -0.054662 -1.134434 0.000000
vt -0.050000 -1.182611 0.000000
vt 2.108831 1.000000 0.000000
vt 2.108831 2.000000 0.000000
vt 1.981023 1.500000 0.000000
vt 1.893923 2.000000 0.000000
vt 1.853215 1.500000 0.000000
vt 1.709431 1.500000 0.000000
vt 1.853215 1.000000 0.000000
vt 1.709431 1.000000 0.000000
vt 1.853215 0.750000 0.000000
vt 1.709431 0.750000 0.000000
vt 1.853215 0.500000 0.000000
vt 1.709431 0.500000 0.000000
vt 1.853215 0.375000 0.000000
vt 1.709431 0.375000 0.000000
vt 1.853215 0.250000 0.000000
vt 1.709431 0.250000 0.000000
vt 1.853215 0.125000 0.000000
vt 1.709431 0.125000 0.000000
vt 1.886922 0.000000 0.000000
vt 1.627996 0.000000 0.000000
vt 1.565647 0.125000 0.000000
vt 1.489728 0.000000 0.000000
vt 1.421863 0.125000 0.000000
vt 1.349065 0.000000 0.000000
vt 1.278080 0.125000 0.000000
vt 1.206432 0.000000 0.000000
vt 1.134296 0.125000 0.000000
vt 1.060286 -0.000000 0.000000
vt 0.990512 0.125000 0.000000
vt 0.911865 0.000000 0.000000
vt 0.846728 0.125000 0.000000
vt 0.763358 0.000000 0.000000
vt 0.702944 0.125000 0.000000
vt 0.616545 0.000000 0.000000
vt 0.575136 0.125000 0.000000
vt 0.473284 0.000000 0.000000
vt 0.431352 0.125000 0.000000
vt 0.287568 0.125000 0.000000
vt 0.287568 0.250000 0.000000
vt 0.143784 0.250000 0.000000
vt 0.143784 0.375000 0.000000
vt 0.000000 0.000000 0.000000
vt 0.143784 0.500000 0.000000
vt 0.000000 1.000000 0.000000
vt 0.143784 0.750000 0.000000
vt 0.143784 1.000000 0.000000
vt 0.287568 0.750000 0.000000
vt 0.287568 1.000000 0.000000
vt 0.431352 0.750000 0.000000
vt 0.431352 1.000000 0.000000
vt 0.575136 0.750000 0.000000
vt 0.575136 1.000000 0.000000
vt 0.702944 0.750000 0.000000
vt 0.702944 1.000000 0.000000
vt 0.846728 0.750000 0.000000
vt 0.846728 1.000000 0.000000
vt 0.990512 0.750000 0.000000
vt 0.990512 1.000000 0.000000
vt 1.134296 0.750000 0.000000
vt 1.134296 1.000000 0.000000
vt 1.278080 0.750000 0.000000
vt 1.278080 1.000000 0.000000
vt 1.421863 0.750000 0.000000
vt 1.421863 1.000000 0.000000
vt 1.565647 0.750000 0.000000
vt 1.565647 1.000000 0.000000
vt 1.635547 2.000000 0.000000
vt 1.565647 1.500000 0.000000
vt 1.492286 2.000000 0.000000
vt 1.421863 1.500000 0.000000
vt 1.345473 2.000000 0.000000
vt 1.278080 1.500000 0.000000
vt 1.196966 2.000000 0.000000
vt 1.134296 1.500000 0.000000
vt 1.048546 2.000000 0.000000
vt 0.990512 1.500000 0.000000
vt 0.902400 2.000000 0.000000
vt 0.846728 1.500000 0.000000
vt 0.759766 2.000000 0.000000
vt 0.702944 1.500000 0.000000
vt 0.619103 2.000000 0.000000
vt 0.575136 1.500000 0.000000
vt 0.480835 2.000000 0.000000
vt 0.431352 1.500000 0.000000
vt 0.287568 1.500000 0.000000
vt 0.221909 2.000000 0.000000
vt 0.143784 1.500000 0.000000
vt 0.000000 2.000000 0.000000
vt 0.143784 0.125000 0.000000
vt 0.214908 0.000000 0.000000
vt 1.981023 0.125000 0.000000
vt 2.108831 0.000000 0.000000
vt 1.981023 0.250000 0.000000
vt 1.981023 0.375000 0.000000
vt 1.981023 0.500000 0.000000
vt 1.981023 0.750000 0.000000
vt 1.981023 1.000000 0.000000
vt 0.287568 0.500000 0.000000
vt 0.287568 0.375000 0.000000
vt 0.431352 0.500000 0.000000
vt 0.431352 0.375000 0.000000
vt 0.431352 0.250000 0.000000
vt 0.575136 0.500000 0.000000
vt 0.575136 0.375000 0.000000
vt 0.575136 0.250000 0.000000
vt 0.702944 0.500000 0.000000
vt 0.702944 0.375000 0.000000
vt 0.702944 0.250000 0.000000
vt 0.846728 0.500000 0.000000
vt 0.846728 0.375000 0.000000
vt 0.846728 0.250000 0.000000
vt 0.990512 0.500000 0.000000
vt 0.990512 0.375000 0.000000
vt 0.990512 0.250000 0.000000
vt 1.134296 0.500000 0.000000
vt 1.134296 0.375000 0.000000
vt 1.134296 0.250000 0.000000
vt 1.278080 0.500000 0.000000
vt 1.278080 0.375000 0.000000
vt 1.278080 0.250000 0.000000
vt 1.421863 0.500000 0.000000
vt 1.421863 0.375000 0.000000
vt 1.421863 0.250000 0.000000
vt 1.565647 0.500000 0.000000
vt 1.565647 0.375000 0.000000
vt 1.565647 0.250000 0.000000
vt 0.050000 1.000000 0.000000
vt 0.050000 0.000000 0.000000
vt 1.750000 1.000000 0.000000
vt 1.750000 -1.000000 0.000000
vt 0.050000 -1.000000 0.000000
vt 1.336829 2.681581 0.000000
vt 1.800000 1.500000 0.000000
vt 1.800000 2.700000 0.000000
vt 2.032937 1.469333 0.000000
vt 3.500000 2.700000 0.000000
vt 2.250000 1.379423 0.000000
vt 2.436396 1.236396 0.000000
vt 1.567063 1.469333 0.000000
vt 0.936222 2.618331 0.000000
vt 0.766559 2.567616 0.000000
vt 0.618538 2.503819 0.000000
vt 1.350000 1.379423 0.000000
vt 0.489779 2.425973 0.000000
vt 0.376959 2.331343 0.000000
vt 0.279684 2.218085 0.000000
vt 0.197974 2.084955 0.000000
vt 0.131345 1.930532 0.000000
vt 0.079235 1.753733 0.000000
vt 1.163604 1.236396 0.000000
vt 0.017286 1.350505 0.000000
vt 1.020577 1.050000 0.000000
vt 0.000000 0.900000 0.000000
vt 0.930667 0.832937 0.000000
vt 0.900000 0.600000 0.000000
vt 0.000000 0.000000 0.000000
vt 0.900000 0.000000 0.000000
vt 2.579423 1.050000 0.000000
vt 2.669333 0.832937 0.000000
vt 3.500000 0.000000 0.000000
vt 2.700000 0.600000 0.000000
vt 2.700000 0.000000 0.000000
vt -0.600000 -0.706858 0.000000
vt 0.200000 -0.706858 0.000000
vt -0.600000 -0.471239 0.000000
vt 0.200000 -0.471239 0.000000
vt -0.600000 -0.235619 0.000000
vt 0.200000 -0.235619 0.000000
vt -0.600000 -0.000000 0.000000
vt 0.200000 -0.000000 0.000000
vt -0.600000 0.235619 0.000000
vt 0.200000 0.235619 0.000000
vt -0.600000 0.471239 0.000000
vt 0.200000 0.471239 0.000000
vt -0.600000 0.706858 0.000000
vt 0.200000 0.706858 0.000000
vt 0.200000 0.706858 0.000000
vt -0.600000 0.706858 0.000000
vt 0.200000 0.471239 0.000000
vt -0.600000 0.471239 0.000000
vt 0.200000 0.235619 0.000000
vt -0.600000 0.235619 0.000000
vt 0.200000 0.000000 0.000000
vt -0.600000 0.000000 0.000000
vt 0.200000 -0.235619 0.000000
vt -0.600000 -0.235619 0.000000
vt 0.200000 -0.471239 0.000000
vt -0.600000 -0.471239 0.000000
vt 0.200000 -0.706858 0.000000
vt -0.600000 -0.706858 0.000000
vt 1.769333 0.832937 0.000000
vt 0.030667 0.832937 0.000000
vt 1.800000 0.600000 0.000000
vt 0.000000 0.600000 0.000000
vt 1.800000 0.000000 0.000000
vt 0.000000 0.000000 0.000000
vt 0.120577 1.050000 0.000000
vt 1.679423 1.050000 0.000000
vt 0.263604 1.236396 0.000000
vt 1.536396 1.236396 0.000000
vt 0.450000 1.379423 0.000000
vt 1.350000 1.379423 0.000000
vt 0.667063 1.469333 0.000000
vt 1.132937 1.469333 0.000000
vt 0.900000 1.500000 0.000000
vt -0.000000 0.600000 0.000000
vt -0.000000 0.000000 0.000000
vt 0.800000 0.600000 0.000000
vt 0.800000 0.000000 0.000000
vt 0.200000 0.706858 0.000000
vt -0.600000 0.706858 0.000000
vt 0.200000 0.471239 0.000000
vt -0.600000 0.471239 0.000000
vt 0.200000 0.235619 0.000000
vt -0.600000 0.235619 0.000000
vt 0.200000 -0.000000 0.000000
vt -0.600000 -0.000000 0.000000
vt 0.200000 -0.235619 0.000000
vt -0.600000 -0.235619 0.000000
vt 0.200000 -0.471239 0.000000
vt -0.600000 -0.471239 0.000000
vt 0.200000 -0.706858 0.000000
vt -0.600000 -0.706858 0.000000
vt 0.900000 1.500000 0.000000
vt 0.667063 1.469333 0.000000
vt 1.132937 1.469333 0.000000
vt 0.450000 1.379423 0.000000
vt 1.350000 1.379423 0.000000
vt 0.263604 1.236396 0.000000
vt 1.536396 1.236396 0.000000
vt 0.120577 1.050000 0.000000
vt 1.679423 1.050000 0.000000
vt 0.030667 0.832937 0.000000
vt 1.769333 0.832937 0.000000
vt 0.000000 0.600000 0.000000
vt 1.800000 0.600000 0.000000
vt 1.800000 0.000000 0.000000
vt 0.000000 0.000000 0.000000
vt -0.000000 0.600000 0.000000
vt 0.000000 0.000000 0.000000
vt 0.800000 0.600000 0.000000
vt 0.800000 0.000000 0.000000
vt -0.600000 -0.706858 0.000000
vt 0.200000 -0.706858 0.000000
vt -0.600000 -0.471239 0.000000
vt 0.200000 -0.471239 0.000000
vt -0.600000 -0.235619 0.000000
vt 0.200000 -0.235619 0.000000
vt -0.600000 0.000000 0.000000
vt 0.200000 0.000000 0.000000
vt -0.600000 0.235619 0.000000
vt 0.200000 0.235619 0.000000
vt -0.600000 0.471239 0.000000
vt 0.200000 0.471239 0.000000
vt -0.600000 0.706858 0.000000
vt 0.200000 0.706858 0.000000
vt 0.800000 0.600000 0.000000
vt 0.000000 0.600000 0.000000
vt 0.800000 0.000000 0.000000
vt 0.000000 0.000000 0.000000
vt 0.800000 0.600000 0.000000
vt 0.000000 0.600000 0.000000
vt 0.800000 0.000000 0.000000
vt 0.000000 0.000000 0.000000
vt 3.481581 1.363171 0.000000
vt 2.479423 1.050000 0.000000
vt 3.500000 0.900000 0.000000
vt 2.569333 0.832937 0.000000
vt 2.600000 0.600000 0.000000
vt 2.336396 1.236396 0.000000
vt 3.418331 1.763778 0.000000
vt 2.150000 1.379423 0.000000
vt 3.367616 1.933441 0.000000
vt 3.303819 2.081462 0.000000
vt 3.225973 2.210221 0.000000
vt 3.131343 2.323041 0.000000
vt 3.018085 2.420316 0.000000
vt 2.884955 2.502026 0.000000
vt 1.932937 1.469333 0.000000
vt 2.730532 2.568655 0.000000
vt 2.553733 2.620765 0.000000
vt 2.150505 2.682714 0.000000
vt 1.700000 1.500000 0.000000
vt 1.700000 2.700000 0.000000
vt 1.467063 1.469333 0.000000
vt 0.000000 2.700000 0.000000
vt 1.250000 1.379423 0.000000
vt 1.063604 1.236396 0.000000
vt 0.920577 1.050000 0.000000
vt 0.830667 0.832937 0.000000
vt 0.000000 0.000000 0.000000
vt 0.800000 0.600000 0.000000
vt 0.800000 0.000000 0.000000
vt 2.600000 0.000000 0.000000
vt 3.500000 0.000000 0.000000
vt 2.000000 0.900000 0.000000
vt 1.000000 0.900000 0.000000
vt 2.000000 0.000000 0.000000
vt 0.000000 0.000000 0.000000
vt 0.000000 0.900000 0.000000
vt 0.300000 1.750000 0.000000
vt -0.000000 1.750000 0.000000
vt 0.300000 0.000000 0.000000
vt -0.000000 0.000000 0.000000
vt 0.040462 0.934535 0.000000
vt 0.159229 0.639493 0.000000
vt -0.000000 1.250000 0.000000
vt 0.159229 2.360507 0.000000
vt -0.000000 1.750000 0.000000
vt 0.040462 2.065465 0.000000
vt 0.348612 2.616025 0.000000
vt 0.348612 0.383975 0.000000
vt 0.596351 2.815478 0.000000
vt 0.596351 0.184522 0.000000
vt 0.886406 2.945951 0.000000
vt 0.886406 0.054049 0.000000
vt 1.200000 0.001000 0.000000
vt 1.200000 2.999000 0.000000
vt 0.000000 1.250000 0.000000
vt 1.000000 1.250000 0.000000
vt 0.000000 1.750000 0.000000
vt 1.000000 1.750000 0.000000
vt 0.000000 0.000000 0.000000
vt 1.250000 0.000000 0.000000
vt 0.000000 1.750000 0.000000
vt 1.573524 0.042593 0.000000
vt 1.875000 0.167468 0.000000
vt 2.133884 0.366117 0.000000
vt 2.332532 0.625000 0.000000
vt 2.457407 0.926476 0.000000
vt 2.500000 1.250000 0.000000
vt 2.500000 1.750000 0.000000
vt 2.457407 2.073524 0.000000
vt 2.332532 2.375000 0.000000
vt 2.133884 2.633883 0.000000
vt 1.875000 2.832532 0.000000
vt 1.573524 2.957407 0.000000
vt 1.250000 3.000000 0.000000
vt 0.926476 2.957407 0.000000
vt 0.625000 2.832532 0.000000
vt 0.366117 2.633883 0.000000
vt 0.167468 2.375000 0.000000
vt 0.042593 2.073524 0.000000
vt -0.700000 2.300000 0.000000
vt -1.950000 2.300000 0.000000
vt -0.700000 2.000000 0.000000
vt -1.950000 -2.300000 0.000000
vt -0.700000 -2.000000 0.000000
vt -0.700000 -2.300000 0.000000
vt 1.750000 -2.000000 0.000000
vt 2.000000 -1.750000 0.000000
vt 2.000000 -1.000000 0.000000
vt 2.000000 1.000000 0.000000
vt 2.800000 1.000000 0.000000
vt 2.800000 -1.000000 0.000000
vt 4.600000 -1.000000 0.000000
vt 4.600000 -1.800000 0.000000
vt 2.800000 -1.800000 0.000000
vt 1.814705 -1.991481 0.000000
vt 1.875000 -1.966506 0.000000
vt 1.926777 -1.926777 0.000000
vt 1.966506 -1.875000 0.000000
vt 1.991481 -1.814705 0.000000
vt 4.600000 1.000000 0.000000
vt 5.500000 -1.000000 0.000000
vt 5.500000 1.000000 0.000000
vt 4.600000 1.800000 0.000000
vt 2.800000 1.800000 0.000000
vt 2.000000 1.750000 0.000000
vt 1.750000 2.000000 0.000000
vt 1.991481 1.814705 0.000000
vt 1.966506 1.875000 0.000000
vt 1.926777 1.926777 0.000000
vt 1.875000 1.966506 0.000000
vt 1.814705 1.991481 0.000000
vn -0.000000 -1.000000 -0.000000
vn -0.000000 -1.000000 -0.000000
vn 0.258819 -0.965926 -0.000000
vn 0.190835 -0.981622 -0.000000
vn 0.380714 -0.924693 -0.000000
vn 0.500000 -0.866025 -0.000000
vn 0.556162 -0.831074 -0.000000
vn 0.706477 -0.707736 -0.000000
vn 0.705859 -0.708353 -0.000000
vn 0.829114 -0.559079 -0.000000
vn 0.866025 -0.500000 -0.000000
vn 0.923524 -0.383540 -0.000000
vn 0.965926 -0.258819 -0.000000
vn 0.981249 -0.192742 -0.000000
vn 1.000000 -0.000000 -0.000000
vn 1.000000 -0.000000 -0.000000
vn 0.965926 -0.258819 -0.000000
vn 0.866025 -0.500000 -0.000000
vn 0.707107 -0.707107 -0.000000
vn 0.500000 -0.866025 -0.000000
vn 0.258819 -0.965926 -0.000000
vn 0.258819 -0.000000 0.965926
vn 0.258819 -0.000000 0.965926
vn -0.000000 -0.000000 1.000000
vn 0.258819 -0.000000 0.965926
vn -0.000000 -0.000000 1.000000
vn 0.258819 -0.000000 0.965926
vn 0.500000 -0.000000 0.866025
vn 0.500000 -0.000000 0.866025
vn 0.707107 -0.000000 0.707107
vn 0.707107 -0.000000 0.707107
vn 0.866025 -0.000000 0.500000
vn 0.866025 -0.000000 0.500000
vn 0.965926 -0.000000 0.258819
vn 0.965926 -0.000000 0.258819
vn 1.000000 -0.000000 -0.000000
vn 0.965926 -0.000000 0.258819
vn 0.965926 -0.000000 0.258819
vn 0.866025 -0.000000 0.500000
vn 0.866025 -0.000000 0.500000
vn 0.707107 -0.000000 0.707107
vn 0.707107 -0.000000 0.707107
vn 0.500000 -0.000000 0.866025
vn 0.500000 -0.000000 0.866025
vn 0.970469 -0.153913 0.185744
vn 0.890318 -0.220233 0.398536
vn 0.762422 -0.254486 0.594936
vn 0.594936 -0.254486 0.762422
vn 0.398536 -0.220233 0.890318
vn 0.185744 -0.153913 0.970469
vn 0.000000 -0.258819 0.965926
vn 0.084530 -0.388644 0.917502
vn 0.000000 -0.500000 0.866025
vn 0.310406 -0.459042 0.832423
vn 0.201121 -0.666568 0.717801
vn 0.518881 -0.495400 0.696665
vn 0.407464 -0.702554 0.583430
vn 0.696665 -0.495400 0.518881
vn 0.583430 -0.702554 0.407464
vn 0.832423 -0.459042 0.310406
vn 0.717801 -0.666568 0.201121
vn 0.554261 -0.828668 0.078131
vn 0.430436 -0.861830 0.268280
vn 0.248108 -0.962374 0.110813
vn 0.110813 -0.962374 0.248108
vn 0.000000 -0.965926 0.258819
vn 0.000000 -0.866025 0.500000
vn 0.268280 -0.861830 0.430436
vn 0.078131 -0.828668 0.554261
vn 0.000000 -0.707107 0.707107
vn 0.917502 -0.388644 0.084530
vn 1.000000 -0.000000 -0.000000
vn 0.965926 0.258819 -0.000000
vn 0.981249 0.192742 -0.000000
vn 0.923524 0.383540 -0.000000
vn 0.866025 0.500000 -0.000000
vn 0.829114 0.559079 -0.000000
vn 0.706477 0.707736 -0.000000
vn 0.705859 0.708353 -0.000000
vn 0.556162 0.831074 -0.000000
vn 0.500000 0.866025 -0.000000
vn 0.380714 0.924693 -0.000000
vn 0.258819 0.965926 -0.000000
vn 0.190835 0.981622 -0.000000
vn -0.000000 1.000000 -0.000000
vn -0.000000 1.000000 -0.000000
vn 0.258819 0.965926 -0.000000
vn 0.500000 0.866025 -0.000000
vn 0.707107 0.707107 -0.000000
vn 0.866025 0.500000 -0.000000
vn 0.965926 0.258819 -0.000000
vn 0.970469 0.153913 0.185744
vn 0.917502 0.388644 0.084530
vn 0.832423 0.459042 0.310406
vn 0.717801 0.666568 0.201121
vn 0.696665 0.495400 0.518881
vn 0.583430 0.702554 0.407464
vn 0.518881 0.495400 0.696665
vn 0.407464 0.702554 0.583430
vn 0.310406 0.459042 0.832423
vn 0.201121 0.666568 0.717801
vn 0.000000 0.500000 0.866025
vn 0.000000 0.707107 0.707107
vn 0.078131 0.828668 0.554261
vn 0.000000 0.866025 0.500000
vn 0.268280 0.861830 0.430436
vn 0.110813 0.962374 0.248108
vn 0.248108 0.962374 0.110813
vn 0.430436 0.861830 0.268280
vn 0.554261 0.828668 0.078131
vn 0.000000 0.965926 0.258819
vn 0.084530 0.388644 0.917502
vn 0.000000 0.258819 0.965926
vn 0.185744 0.153913 0.970469
vn 0.398536 0.220233 0.890318
vn 0.594936 0.254486 0.762422
vn 0.762422 0.254486 0.594936
vn 0.890318 0.220233 0.398536
vn 0.000000 -1.000000 0.000000
vn 0.000000 -1.000000 0.000000
vn 0.000000 -1.000000 0.000000
vn 0.000000 -1.000000 0.000000
vn 0.000000 -1.000000 0.000000
vn 0.000000 -1.000000 0.000000
vn 0.000000 -1.000000 0.000000
vn 0.000000 -1.000000 0.000000
vn 0.000000 -1.000000 0.000000
vn -0.000000 -0.965926 0.258819
vn -0.000000 -0.965926 0.258819
vn -0.000000 -0.965926 0.258819
vn -0.000000 -0.866025 0.500000
vn -0.000000 -0.866025 0.500000
vn -0.000000 -0.707107 0.707107
vn -0.000000 -0.707107 0.707107
vn -0.000000 -0.500000 0.866025
vn -0.000000 -0.500000 0.866025
vn -0.000000 -0.258819 0.965926
vn -0.000000 -0.258819 0.965926
vn -0.000000 -0.000000 1.000000
vn -0.000000 -0.258819 0.965926
vn -0.000000 -0.500000 0.866025
vn -0.000000 -0.707107 0.707107
vn -0.000000 -0.866025 0.500000
vn 0.000000 0.000000 1.000000
vn 0.000000 0.258819 0.965926
vn 0.000000 0.258819 0.965926
vn 0.000000 0.258819 0.965926
vn 0.000000 0.500000 0.866025
vn 0.000000 0.500000 0.866025
vn 0.000000 0.707107 0.707107
vn 0.000000 0.707107 0.707107
vn 0.000000 0.866025 0.500000
vn 0.000000 0.866025 0.500000
vn 0.000000 0.965926 0.258819
vn 0.000000 0.965926 0.258819
vn 0.000000 1.000000 0.000000
vn 0.000000 0.965926 0.258819
vn 0.000000 0.866025 0.500000
vn 0.000000 0.707107 0.707107
vn 0.000000 0.500000 0.866025
vn 0.000000 1.000000 0.000000
vn 0.000000 1.000000 0.000000
vn 0.000000 1.000000 0.000000
vn 0.000000 1.000000 0.000000
vn 0.000000 1.000000 0.000000
vn 0.000000 1.000000 0.000000
vn 0.000000 1.000000 0.000000
vn 0.000000 1.000000 0.000000
vn 1.000000 -0.000000 -0.000000
vn 1.000000 -0.000000 -0.000000
vn 0.967630 0.000000 -0.252372
vn 0.965926 0.000000 -0.258819
vn 0.872617 0.000000 -0.488406
vn 0.866025 0.000000 -0.500000
vn 0.721110 0.000000 -0.692820
vn 0.707107 0.000000 -0.707107
vn 0.522920 0.000000 -0.852382
vn 0.500000 0.000000 -0.866025
vn 0.290875 0.000000 -0.956761
vn 0.258819 0.000000 -0.965926
vn 0.040000 0.000000 -0.999200
vn -0.000000 0.000000 -1.000000
vn -0.000000 0.000000 -1.000000
vn 0.040000 0.000000 -0.999200
vn 0.258819 0.000000 -0.965926
vn 0.290875 0.000000 -0.956761
vn 0.500000 0.000000 -0.866025
vn 0.522920 0.000000 -0.852382
vn 0.707107 0.000000 -0.707107
vn 0.721110 0.000000 -0.692820
vn 0.866025 0.000000 -0.500000
vn 0.872617 0.000000 -0.488406
vn 0.965926 0.000000 -0.258819
vn 0.967630 0.000000 -0.252372
vn 1.000000 -0.000000 -0.000000
vn 1.000000 -0.000000 -0.000000
vn 1.000000 0.000000 -0.000000
vn 1.000000 0.000000 -0.000000
vn 1.000000 0.000000 -0.000000
vn 1.000000 0.000000 -0.000000
vn 0.000000 -1.000000 0.000000
vn 0.000000 -1.000000 0.000000
vn 0.000000 -1.000000 0.000000
vn 0.000000 -1.000000 0.000000
vn 0.000000 -1.000000 0.000000
vn 0.000000 -1.000000 0.000000
vn 0.000000 -1.000000 0.000000
vn 0.000000 -1.000000 0.000000
vn 0.000000 -1.000000 0.000000
vn 0.000000 -1.000000 0.000000
vn 0.000000 -1.000000 0.000000
vn 0.000000 -1.000000 0.000000
vn 0.000000 -1.000000 0.000000
vn 0.000000 -1.000000 0.000000
vn 1.000000 0.000000 -0.000000
vn 1.000000 0.000000 -0.000000
vn 0.000000 1.000000 0.000000
vn 0.000000 1.000000 0.000000
vn 0.000000 1.000000 0.000000
vn 0.000000 1.000000 0.000000
vn 0.000000 1.000000 0.000000
vn 0.000000 1.000000 0.000000
vn 0.000000 1.000000 0.000000
vn 0.000000 1.000000 0.000000
vn 0.000000 1.000000 0.000000
vn 0.000000 1.000000 0.000000
vn 0.000000 1.000000 0.000000
vn 0.000000 1.000000 0.000000
vn 0.000000 1.000000 0.000000
vn 0.000000 1.000000 0.000000
vn 0.000000 1.000000 0.000000
vn 0.000000 1.000000 0.000000
vn 0.000000 1.000000 0.000000
vn 0.000000 1.000000 0.000000
vn 0.000000 1.000000 0.000000
vn 0.000000 1.000000 0.000000
vn 0.000000 1.000000 0.000000
vn -0.965926 -0.258819 0.000000
vn -0.965926 -0.258819 0.000000
vn -1.000000 -0.000000 0.000000
vn -0.965926 -0.258819 0.000000
vn -1.000000 -0.000000 0.000000
vn -0.965926 -0.258819 0.000000
vn -0.965926 -0.258819 0.000000
vn -0.866025 -0.500000 0.000000
vn -0.866025 -0.500000 0.000000
vn -0.707107 -0.707107 0.000000
vn -0.707107 -0.707107 0.000000
vn -0.500000 -0.866025 0.000000
vn -0.500000 -0.866025 0.000000
vn -0.258819 -0.965926 0.000000
vn -0.258819 -0.965926 0.000000
vn -0.258819 -0.965926 0.000000
vn -0.258819 -0.965926 0.000000
vn -0.258819 -0.965926 0.000000
vn -0.500000 -0.866025 0.000000
vn -0.500000 -0.866025 0.000000
vn -0.707107 -0.707107 0.000000
vn -0.707107 -0.707107 0.000000
vn -0.866025 -0.500000 0.000000
vn -0.866025 -0.500000 0.000000
vn -0.866025 -0.500000 0.000000
vn -0.707107 -0.707107 0.000000
vn -0.500000 -0.866025 0.000000
vn -0.110813 -0.962374 0.248108
vn -0.248108 -0.962374 0.110813
vn -0.430436 -0.861830 0.268280
vn -0.554261 -0.828668 0.078131
vn -0.583430 -0.702554 0.407464
vn -0.717801 -0.666568 0.201121
vn -0.696665 -0.495400 0.518881
vn -0.832423 -0.459042 0.310406
vn -0.762422 -0.254486 0.594936
vn -0.890318 -0.220233 0.398536
vn -0.866025 0.000000 0.500000
vn -0.965926 0.000000 0.258819
vn -0.268280 -0.861830 0.430436
vn -0.078131 -0.828668 0.554261
vn -0.201121 -0.666568 0.717801
vn -0.310406 -0.459042 0.832423
vn -0.084530 -0.388644 0.917502
vn -0.185744 -0.153913 0.970469
vn -0.258819 0.000000 0.965926
vn -0.398536 -0.220233 0.890318
vn -0.518881 -0.495400 0.696665
vn -0.407464 -0.702554 0.583430
vn -0.500000 0.000000 0.866025
vn -0.594936 -0.254486 0.762422
vn -0.707107 0.000000 0.707107
vn -0.970469 -0.153913 0.185744
vn -0.917502 -0.388644 0.084530
vn -1.000000 0.000000 0.000000
vn -1.000000 0.000000 0.000000
vn -1.000000 0.000000 0.000000
vn -1.000000 0.000000 0.000000
vn -1.000000 0.000000 0.000000
vn -1.000000 0.000000 0.000000
vn -0.965926 -0.000000 0.258819
vn -0.965926 -0.000000 0.258819
vn -0.965926 -0.000000 0.258819
vn -0.866025 -0.000000 0.500000
vn -0.866025 -0.000000 0.500000
vn -0.707107 -0.000000 0.707107
vn -0.707107 -0.000000 0.707107
vn -0.500000 -0.000000 0.866025
vn -0.500000 -0.000000 0.866025
vn -0.258819 -0.000000 0.965926
vn -0.258819 -0.000000 0.965926
vn -0.258819 -0.000000 0.965926
vn -0.500000 -0.000000 0.866025
vn -0.707107 -0.000000 0.707107
vn -0.866025 -0.000000 0.500000
vn -0.258819 0.965926 -0.000000
vn -0.258819 0.965926 -0.000000
vn -0.258819 0.965926 -0.000000
vn -0.258819 0.965926 -0.000000
vn -0.258819 0.965926 -0.000000
vn -0.500000 0.866025 -0.000000
vn -0.500000 0.866025 -0.000000
vn -0.707107 0.707107 -0.000000
vn -0.707107 0.707107 -0.000000
vn -0.866025 0.500000 -0.000000
vn -0.866025 0.500000 -0.000000
vn -0.965926 0.258819 -0.000000
vn -0.965926 0.258819 -0.000000
vn -0.965926 0.258819 -0.000000
vn -0.965926 0.258819 -0.000000
vn -0.965926 0.258819 -0.000000
vn -0.866025 0.500000 -0.000000
vn -0.866025 0.500000 -0.000000
vn -0.707107 0.707107 -0.000000
vn -0.707107 0.707107 -0.000000
vn -0.500000 0.866025 -0.000000
vn -0.500000 0.866025 -0.000000
vn -0.500000 0.866025 -0.000000
vn -0.707107 0.707107 -0.000000
vn -0.866025 0.500000 -0.000000
vn -0.248108 0.962374 0.110813
vn -0.110813 0.962374 0.248108
vn -0.268280 0.861830 0.430436
vn -0.078131 0.828668 0.554261
vn -0.407464 0.702554 0.583430
vn -0.201121 0.666568 0.717801
vn -0.518881 0.495400 0.696665
vn -0.310406 0.459042 0.832423
vn -0.594936 0.254486 0.762422
vn -0.398536 0.220233 0.890318
vn -0.430436 0.861830 0.268280
vn -0.554261 0.828668 0.078131
vn -0.717801 0.666568 0.201121
vn -0.832423 0.459042 0.310406
vn -0.917502 0.388644 0.084530
vn -0.970469 0.153913 0.185744
vn -0.890318 0.220233 0.398536
vn -0.696665 0.495400 0.518881
vn -0.583430 0.702554 0.407464
vn -0.762422 0.254486 0.594936
vn -0.185744 0.153913 0.970469
vn -0.084530 0.388644 0.917502
vn -0.258819 -0.000000 0.965926
vn -0.106922 -0.000000 0.994267
vn 0.000000 0.000000 1.000000
vn -0.053538 -0.000000 0.998566
vn 0.000000 0.000000 1.000000
vn -0.500000 -0.000000 0.866025
vn -0.385462 -0.000000 0.922724
vn -0.160000 -0.000000 0.987117
vn -0.589731 -0.000000 0.807600
vn -0.707107 -0.000000 0.707107
vn -0.761577 -0.000000 0.648074
vn -0.866025 -0.000000 0.500000
vn -0.891552 -0.000000 0.452918
vn -0.965926 -0.000000 0.258819
vn -0.972510 -0.000000 0.232860
vn -1.000000 -0.000000 -0.000000
vn -1.000000 -0.000000 -0.000000
vn 0.967630 -0.000000 0.252372
vn 0.965926 -0.000000 0.258819
vn 0.872617 -0.000000 0.488406
vn 0.866025 -0.000000 0.500000
vn 0.721110 -0.000000 0.692820
vn 0.707107 -0.000000 0.707107
vn 0.522920 -0.000000 0.852382
vn 0.500000 -0.000000 0.866025
vn 0.290875 -0.000000 0.956761
vn 0.258819 -0.000000 0.965926
vn 0.040000 -0.000000 0.999200
vn -0.000000 -0.000000 1.000000
vn 0.036197 -0.000000 0.999345
vn 0.024705 -0.000000 0.999695
vn 0.005778 -0.000000 0.999983
vn -0.000000 -0.000000 1.000000
vn -0.018828 -0.000000 0.999823
vn -0.053538 -0.000000 0.998566
vn -0.048799 -0.000000 0.998809
vn -0.083857 -0.000000 0.996478
vn -0.106922 -0.000000 0.994267
vn -0.121846 -0.000000 0.992549
vn -0.160000 -0.000000 0.987117
vn 0.040000 -0.000000 0.999200
vn -1.000000 -0.000000 -0.000000
vn -1.000000 -0.000000 -0.000000
vn -0.972510 -0.000000 0.232860
vn -0.965926 -0.000000 0.258819
vn -0.891552 -0.000000 0.452918
vn -0.866025 -0.000000 0.500000
vn -0.761577 -0.000000 0.648074
vn -0.707107 -0.000000 0.707107
vn -0.589731 -0.000000 0.807600
vn -0.500000 -0.000000 0.866025
vn -0.385462 -0.000000 0.922724
vn -0.258819 -0.000000 0.965926
vn -0.160000 -0.000000 0.987117
vn -0.106922 -0.000000 0.994267
vn 0.000000 0.000000 1.000000
vn -0.053538 -0.000000 0.998566
vn 0.000000 0.000000 1.000000
vn -1.000000 0.000000 0.000000
vn -1.000000 0.000000 0.000000
vn -0.000000 -0.000000 1.000000
vn 0.005778 -0.000000 0.999983
vn -0.000000 -0.000000 1.000000
vn -0.018828 -0.000000 0.999823
vn -0.053538 -0.000000 0.998566
vn -0.048799 -0.000000 0.998809
vn -0.083857 -0.000000 0.996478
vn 0.258819 -0.000000 0.965926
vn 0.040000 -0.000000 0.999200
vn 0.036197 -0.000000 0.999345
vn 0.024705 -0.000000 0.999695
vn 0.290875 -0.000000 0.956761
vn 0.500000 -0.000000 0.866025
vn 0.522920 -0.000000 0.852382
vn 0.707107 -0.000000 0.707107
vn 0.721110 -0.000000 0.692820
vn 0.866025 -0.000000 0.500000
vn 0.872617 -0.000000 0.488406
vn 0.965926 -0.000000 0.258819
vn 0.967630 -0.000000 0.252372
vn 1.000000 -0.000000 -0.000000
vn 1.000000 -0.000000 -0.000000
vn 0.040000 -0.000000 0.999200
vn -0.106922 -0.000000 0.994267
vn -0.121846 -0.000000 0.992549
vn -0.160000 -0.000000 0.987117
vn -1.000000 0.000000 0.000000
vn -1.000000 0.000000 0.000000
vn -0.998869 0.000000 0.047556
vn -0.996306 0.000000 0.085878
vn -0.994408 0.000000 0.105605
vn -0.982669 0.000000 0.185368
vn -0.994408 0.000000 0.105605
vn -0.982669 0.000000 0.185368
vn -0.994408 0.000000 0.105605
vn -0.982669 0.000000 0.185368
vn -0.994408 0.000000 0.105605
vn -0.982669 0.000000 0.185368
vn -0.994408 0.000000 0.105605
vn -0.982669 0.000000 0.185368
vn -0.994408 0.000000 0.105605
vn -0.982669 0.000000 0.185368
vn -0.994408 0.000000 0.105605
vn -0.982669 0.000000 0.185368
vn -0.996015 -0.000000 0.089186
vn -0.971291 -0.000000 0.237896
vn -0.959487 0.000000 0.281753
vn -0.940707 -0.000000 0.339220
vn -0.919125 0.000000 0.393965
vn -0.890241 -0.000000 0.455489
vn -0.855846 0.000000 0.517230
vn -0.814660 -0.000000 0.579940
vn -0.766796 0.000000 0.641891
vn -0.711704 -0.000000 0.702480
vn -0.655283 0.000000 0.755383
vn -0.588172 -0.000000 0.808736
vn -0.531231 0.000000 0.847227
vn -0.458583 -0.000000 0.888652
vn -0.407250 0.000000 0.913317
vn -0.337216 -0.000000 0.941427
vn -0.305416 0.000000 0.952219
vn -0.232798 -0.000000 0.972525
vn -0.205332 0.000000 0.978692
vn -0.121945 0.000000 0.992537
vn -0.121945 0.000000 0.992537
vn -0.054205 0.000000 0.998530
vn -0.054205 0.000000 0.998530
vn 0.000000 0.000000 1.000000
vn -0.054205 0.000000 0.998530
vn 0.000000 0.000000 1.000000
vn -0.054205 0.000000 0.998530
vn -0.054205 0.000000 0.998530
vn -0.121945 0.000000 0.992537
vn -0.121945 0.000000 0.992537
vn -0.205332 0.000000 0.978692
vn -0.205332 0.000000 0.978692
vn -0.305416 0.000000 0.952219
vn -0.305416 0.000000 0.952219
vn -0.407250 0.000000 0.913317
vn -0.407250 0.000000 0.913317
vn -0.531231 0.000000 0.847227
vn -0.531231 0.000000 0.847227
vn -0.655283 0.000000 0.755383
vn -0.655283 0.000000 0.755383
vn -0.766796 0.000000 0.641891
vn -0.766796 0.000000 0.641891
vn -0.855846 0.000000 0.517230
vn -0.855846 0.000000 0.517230
vn -0.919125 0.000000 0.393965
vn -0.919125 0.000000 0.393965
vn -0.959487 0.000000 0.281753
vn -0.959487 0.000000 0.281753
vn -0.972525 0.000000 0.232798
vn -0.959487 0.000000 0.281753
vn -0.941427 0.000000 0.337216
vn -0.919125 0.000000 0.393965
vn -0.888652 0.000000 0.458583
vn -0.855846 0.000000 0.517230
vn -0.808736 0.000000 0.588172
vn -0.766796 0.000000 0.641891
vn -0.702480 0.000000 0.711704
vn -0.655283 0.000000 0.755383
vn -0.579940 0.000000 0.814660
vn -0.531231 0.000000 0.847227
vn -0.455489 0.000000 0.890241
vn -0.407250 0.000000 0.913317
vn -0.339220 0.000000 0.940707
vn -0.305416 0.000000 0.952219
vn -0.237896 0.000000 0.971291
vn -0.205332 0.000000 0.978692
vn -0.121945 0.000000 0.992537
vn -0.089186 0.000000 0.996015
vn -0.054205 0.000000 0.998530
vn 0.000000 0.000000 1.000000
vn -0.054205 0.000000 0.998530
vn -0.085878 -0.000000 0.996306
vn -0.998869 0.000000 0.047556
vn -1.000000 -0.000000 0.000000
vn -0.998869 0.000000 0.047556
vn -0.998869 0.000000 0.047556
vn -0.998869 0.000000 0.047556
vn -0.998869 0.000000 0.047556
vn -0.998869 0.000000 0.047556
vn -0.121945 0.000000 0.992537
vn -0.121945 0.000000 0.992537
vn -0.205332 0.000000 0.978692
vn -0.205332 0.000000 0.978692
vn -0.205332 0.000000 0.978692
vn -0.305416 0.000000 0.952219
vn -0.305416 0.000000 0.952219
vn -0.305416 0.000000 0.952219
vn -0.407250 0.000000 0.913317
vn -0.407250 0.000000 0.913317
vn -0.407250 0.000000 0.913317
vn -0.531231 0.000000 0.847227
vn -0.531231 0.000000 0.847227
vn -0.531231 0.000000 0.847227
vn -0.655283 0.000000 0.755383
vn -0.655283 0.000000 0.755383
vn -0.655283 0.000000 0.755383
vn -0.766796 0.000000 0.641891
vn -0.766796 0.000000 0.641891
vn -0.766796 0.000000 0.641891
vn -0.855846 0.000000 0.517230
vn -0.855846 0.000000 0.517230
vn -0.855846 0.000000 0.517230
vn -0.919125 0.000000 0.393965
vn -0.919125 0.000000 0.393965
vn -0.919125 0.000000 0.393965
vn -0.959487 0.000000 0.281753
vn -0.959487 0.000000 0.281753
vn -0.959487 0.000000 0.281753
vn 0.000000 0.000000 1.000000
vn 0.000000 0.000000 1.000000
vn 0.000000 -1.000000 0.000000
vn 0.000000 -1.000000 0.000000
vn 0.000000 -1.000000 0.000000
vn 0.000000 -1.000000 0.000000
vn 0.000000 -1.000000 0.000000
vn 0.000000 -1.000000 0.000000
vn 0.000000 -1.000000 0.000000
vn 0.000000 -1.000000 0.000000
vn 0.000000 -1.000000 0.000000
vn 0.000000 -1.000000 0.000000
vn 0.000000 -1.000000 0.000000
vn 0.000000 -1.000000 0.000000
vn 0.000000 -1.000000 0.000000
vn 0.000000 -1.000000 0.000000
vn 0.000000 -1.000000 0.000000
vn 0.000000 -1.000000 0.000000
vn 0.000000 -1.000000 0.000000
vn 0.000000 -1.000000 0.000000
vn 0.000000 -1.000000 0.000000
vn 0.000000 -1.000000 0.000000
vn 0.000000 -1.000000 0.000000
vn 0.000000 -1.000000 0.000000
vn 0.000000 -1.000000 0.000000
vn 0.000000 -1.000000 0.000000
vn 0.000000 -1.000000 0.000000
vn 0.000000 -1.000000 0.000000
vn 0.000000 -1.000000 0.000000
vn 0.000000 -1.000000 0.000000
vn 0.000000 -1.000000 0.000000
vn 0.000000 -1.000000 0.000000
vn 0.000000 -1.000000 0.000000
vn -0.000000 -0.000000 1.000000
vn -0.000000 -0.000000 1.000000
vn 0.258819 -0.000000 0.965926
vn 0.258819 -0.000000 0.965926
vn 0.500000 -0.000000 0.866025
vn 0.500000 -0.000000 0.866025
vn 0.707107 -0.000000 0.707107
vn 0.707107 -0.000000 0.707107
vn 0.866025 -0.000000 0.500000
vn 0.866025 -0.000000 0.500000
vn 0.965926 -0.000000 0.258819
vn 0.965926 -0.000000 0.258819
vn 1.000000 -0.000000 -0.000000
vn 1.000000 -0.000000 -0.000000
vn -1.000000 -0.000000 -0.000000
vn -1.000000 -0.000000 -0.000000
vn -0.965926 -0.000000 0.258819
vn -0.965926 -0.000000 0.258819
vn -0.866025 -0.000000 0.500000
vn -0.866025 -0.000000 0.500000
vn -0.707107 -0.000000 0.707107
vn -0.707107 -0.000000 0.707107
vn -0.500000 -0.000000 0.866025
vn -0.500000 -0.000000 0.866025
vn -0.258819 -0.000000 0.965926
vn -0.258819 -0.000000 0.965926
vn 0.000000 0.000000 1.000000
vn 0.000000 0.000000 1.000000
vn 0.000000 -1.000000 0.000000
vn 0.000000 -1.000000 0.000000
vn 0.000000 -1.000000 0.000000
vn 0.000000 -1.000000 0.000000
vn 0.000000 -1.000000 0.000000
vn 0.000000 -1.000000 0.000000
vn 0.000000 -1.000000 0.000000
vn 0.000000 -1.000000 0.000000
vn 0.000000 -1.000000 0.000000
vn 0.000000 -1.000000 0.000000
vn 0.000000 -1.000000 0.000000
vn 0.000000 -1.000000 0.000000
vn 0.000000 -1.000000 0.000000
vn 0.000000 -1.000000 0.000000
vn 0.000000 -1.000000 0.000000
vn -1.000000 0.000000 0.000000
vn -1.000000 0.000000 0.000000
vn 1.000000 -0.000000 -0.000000
vn 1.000000 -0.000000 -0.000000
vn 0.965926 -0.000000 0.258819
vn 0.965926 -0.000000 0.258819
vn 0.866025 -0.000000 0.500000
vn 0.866025 -0.000000 0.500000
vn 0.707107 -0.000000 0.707107
vn 0.707107 -0.000000 0.707107
vn 0.500000 -0.000000 0.866025
vn 0.500000 -0.000000 0.866025
vn 0.258819 -0.000000 0.965926
vn 0.258819 -0.000000 0.965926
vn -0.000000 -0.000000 1.000000
vn -0.000000 -0.000000 1.000000
vn 0.000000 1.000000 -0.000000
vn 0.000000 1.000000 -0.000000
vn 0.000000 1.000000 -0.000000
vn 0.000000 1.000000 -0.000000
vn 0.000000 1.000000 -0.000000
vn 0.000000 1.000000 -0.000000
vn 0.000000 1.000000 -0.000000
vn 0.000000 1.000000 -0.000000
vn 0.000000 1.000000 -0.000000
vn 0.000000 1.000000 -0.000000
vn 0.000000 1.000000 -0.000000
vn 0.000000 1.000000 -0.000000
vn 0.000000 1.000000 -0.000000
vn 0.000000 1.000000 -0.000000
vn 0.000000 1.000000 -0.000000
vn 1.000000 0.000000 0.000000
vn 1.000000 0.000000 0.000000
vn 0.000000 0.000000 1.000000
vn 0.000000 0.000000 1.000000
vn -0.258819 -0.000000 0.965926
vn -0.258819 -0.000000 0.965926
vn -0.500000 -0.000000 0.866025
vn -0.500000 -0.000000 0.866025
vn -0.707107 -0.000000 0.707107
vn -0.707107 -0.000000 0.707107
vn -0.866025 -0.000000 0.500000
vn -0.866025 -0.000000 0.500000
vn -0.965926 -0.000000 0.258819
vn -0.965926 -0.000000 0.258819
vn -1.000000 -0.000000 -0.000000
vn -1.000000 -0.000000 -0.000000
vn -1.000000 0.000000 0.000000
vn -1.000000 0.000000 0.000000
vn 1.000000 0.000000 -0.000000
vn 1.000000 0.000000 -0.000000
vn 0.000000 1.000000 -0.000000
vn 0.000000 1.000000 -0.000000
vn 0.000000 1.000000 -0.000000
vn 0.000000 1.000000 -0.000000
vn 0.000000 1.000000 -0.000000
vn 0.000000 1.000000 -0.000000
vn 0.000000 1.000000 -0.000000
vn 0.000000 1.000000 -0.000000
vn 0.000000 1.000000 -0.000000
vn 0.000000 1.000000 -0.000000
vn 0.000000 1.000000 -0.000000
vn 0.000000 1.000000 -0.000000
vn 0.000000 1.000000 -0.000000
vn 0.000000 1.000000 -0.000000
vn 0.000000 1.000000 -0.000000
vn 0.000000 1.000000 -0.000000
vn 0.000000 1.000000 -0.000000
vn 0.000000 1.000000 -0.000000
vn 0.000000 1.000000 -0.000000
vn 0.000000 1.000000 -0.000000
vn 0.000000 1.000000 -0.000000
vn 0.000000 1.000000 -0.000000
vn 0.000000 1.000000 -0.000000
vn 0.000000 1.000000 -0.000000
vn 0.000000 1.000000 -0.000000
vn 0.000000 1.000000 -0.000000
vn 0.000000 1.000000 -0.000000
vn 0.000000 1.000000 -0.000000
vn 0.000000 1.000000 -0.000000
vn 0.000000 1.000000 -0.000000
vn 0.000000 1.000000 -0.000000
vn -1.000000 0.000000 0.000000
vn -1.000000 0.000000 0.000000
vn -1.000000 0.000000 0.000000
vn -1.000000 0.000000 0.000000
vn 0.000000 1.000000 0.000000
vn 0.000000 1.000000 0.000000
vn 0.000000 1.000000 0.000000
vn 0.000000 1.000000 0.000000
vn 0.000000 1.000000 0.000000
vn 0.000000 1.000000 0.000000
vn 0.000000 1.000000 0.000000
vn 0.000000 1.000000 0.000000
vn 0.000000 1.000000 0.000000
vn 0.000000 1.000000 0.000000
vn 0.000000 1.000000 0.000000
vn 0.000000 1.000000 0.000000
vn 0.000000 1.000000 0.000000
vn 0.000000 1.000000 0.000000
vn 0.000000 -1.000000 0.000000
vn 0.000000 -1.000000 0.000000
vn 0.000000 -1.000000 0.000000
vn 0.000000 -1.000000 0.000000
vn 0.000000 -1.000000 0.000000
vn 0.000000 -1.000000 0.000000
vn 0.000000 -1.000000 0.000000
vn 0.000000 -1.000000 0.000000
vn 0.000000 -1.000000 0.000000
vn 0.000000 -1.000000 0.000000
vn 0.000000 -1.000000 0.000000
vn 0.000000 -1.000000 0.000000
vn 0.000000 -1.000000 0.000000
vn 0.000000 -1.000000 0.000000
vn 0.000000 -1.000000 0.000000
vn 0.000000 -1.000000 0.000000
vn 0.000000 -1.000000 0.000000
vn 0.000000 -1.000000 0.000000
vn 0.000000 -1.000000 0.000000
vn 0.000000 -1.000000 0.000000
vn 0.000000 -1.000000 0.000000
vn -0.000000 0.000000 -1.000000
vn -0.000000 0.000000 -1.000000
vn -0.000000 0.000000 -1.000000
vn -0.000000 0.000000 -1.000000
vn -0.000000 0.000000 -1.000000
vn -0.000000 0.000000 -1.000000
vn -0.000000 0.000000 -1.000000
vn -0.000000 0.000000 -1.000000
vn -0.000000 0.000000 -1.000000
vn -0.000000 0.000000 -1.000000
vn -0.000000 0.000000 -1.000000
vn -0.000000 0.000000 -1.000000
vn -0.000000 0.000000 -1.000000
vn -0.000000 0.000000 -1.000000
vn -0.000000 0.000000 -1.000000
vn -0.000000 0.000000 -1.000000
vn -0.000000 0.000000 -1.000000
vn -0.000000 0.000000 -1.000000
vn -0.000000 0.000000 -1.000000
vn -0.000000 0.000000 -1.000000
vn -0.000000 0.000000 -1.000000
vn -0.000000 0.000000 -1.000000
vn -0.000000 0.000000 -1.000000
vn -0.000000 0.000000 -1.000000
vn -0.000000 0.000000 -1.000000
vn -0.000000 0.000000 -1.000000
vn -0.000000 0.000000 -1.000000
vn -0.000000 0.000000 -1.000000
vn -0.000000 0.000000 -1.000000
vn -0.000000 0.000000 -1.000000
usemtl Steel_-_Satin
f 16/1/1 1/2/2 17/3/3
f 17/3/3 1/2/2 2/4/4
f 17/3/3 2/4/4 3/5/5
f 17/3/3 3/5/5 18/6/6
f 18/6/6 3/5/5 4/7/7
f 18/6/6 4/7/7 19/8/8
f 19/8/8 4/7/7 5/9/9
f 19/8/8 5/9/9 6/10/10
f 19/8/8 6/10/10 20/11/11
f 20/11/11 6/10/10 7/12/12
f 20/11/11 7/12/12 21/13/13
f 21/13/13 7/12/12 8/14/14
f 21/13/13 8/14/14 10/15/15
f 10/15/15 8/14/14 9/16/16
f 10/15/15 11/17/17 21/13/13
f 21/13/13 11/17/17 20/11/11
f 11/17/17 12/18/18 20/11/11
f 20/11/11 12/18/18 13/19/19
f 20/11/11 13/19/19 19/8/8
f 19/8/8 13/19/19 14/20/20
f 19/8/8 14/20/20 18/6/6
f 18/6/6 14/20/20 17/3/3
f 14/20/20 15/21/21 17/3/3
f 17/3/3 15/21/21 16/1/1
f 23/22/22 35/23/23 22/24/24
f 22/24/24 35/23/23 36/25/25
f 22/24/24 36/25/25 34/26/26
f 34/26/26 36/25/25 33/27/27
f 33/27/27 36/25/25 32/28/28
f 32/28/28 36/25/25 38/29/29
f 32/28/28 38/29/29 31/30/30
f 31/30/30 38/29/29 40/31/31
f 31/30/30 40/31/31 30/32/32
f 30/32/32 40/31/31 42/33/33
f 30/32/32 42/33/33 29/34/34
f 29/34/34 42/33/33 44/35/35
f 29/34/34 44/35/35 28/36/36
f 28/36/36 44/35/35 43/37/37
f 28/36/36 43/37/37 10/38/15
f 10/38/15 43/37/37 27/39/38
f 27/39/38 43/37/37 26/40/39
f 26/40/39 43/37/37 41/41/40
f 26/40/39 41/41/40 25/42/41
f 25/42/41 41/41/40 39/43/42
f 25/42/41 39/43/42 24/44/43
f 24/44/43 39/43/42 37/45/44
f 24/44/43 37/45/44 23/22/22
f 23/22/22 37/45/44 35/23/23
f 38/29/29 36/25/25 35/23/23
f 38/29/29 35/23/23 37/45/44
f 40/31/31 38/29/29 37/45/44
f 40/31/31 37/45/44 39/43/42
f 42/33/33 40/31/31 39/43/42
f 42/33/33 39/43/42 41/41/40
f 44/35/35 42/33/33 41/41/40
f 44/35/35 41/41/40 43/37/37
f 11/46/17 10/47/15 50/48/45
f 50/48/45 10/47/15 27/49/38
f 50/48/45 27/49/38 52/50/46
f 52/50/46 27/49/38 26/51/39
f 52/50/46 26/51/39 56/52/47
f 56/52/47 26/51/39 25/53/41
f 56/52/47 25/53/41 61/54/48
f 61/54/48 25/53/41 24/55/43
f 61/54/48 24/55/43 66/56/49
f 66/56/49 24/55/43 23/57/22
f 66/56/49 23/57/22 70/58/50
f 70/58/50 23/57/22 22/59/24
f 70/58/50 22/59/24 45/60/51
f 70/58/50 45/60/51 71/61/52
f 71/61/52 45/60/51 46/62/53
f 71/61/52 46/62/53 67/63/54
f 67/63/54 46/62/53 68/64/55
f 67/63/54 68/64/55 62/65/56
f 62/65/56 68/64/55 63/66/57
f 62/65/56 63/66/57 57/67/58
f 57/67/58 63/66/57 58/68/59
f 57/67/58 58/68/59 53/69/60
f 53/69/60 58/68/59 54/70/61
f 53/69/60 54/70/61 12/71/18
f 12/71/18 54/70/61 13/72/19
f 13/72/19 54/70/61 55/73/62
f 13/72/19 55/73/62 14/74/20
f 14/74/20 55/73/62 59/75/63
f 14/74/20 59/75/63 60/76/64
f 60/76/64 59/75/63 65/77/65
f 60/76/64 65/77/65 16/78/1
f 16/78/1 65/77/65 49/79/66
f 49/79/66 65/77/65 48/80/67
f 48/80/67 65/77/65 64/81/68
f 48/80/67 64/81/68 69/82/69
f 69/82/69 64/81/68 63/66/57
f 69/82/69 63/66/57 68/64/55
f 46/62/53 47/83/70 68/64/55
f 68/64/55 47/83/70 69/82/69
f 47/83/70 48/80/67 69/82/69
f 16/78/1 15/84/21 60/76/64
f 60/76/64 15/84/21 14/74/20
f 53/69/60 12/71/18 51/85/71
f 51/85/71 12/71/18 11/46/17
f 51/85/71 11/46/17 50/48/45
f 53/69/60 51/85/71 50/48/45
f 57/67/58 53/69/60 52/50/46
f 52/50/46 53/69/60 50/48/45
f 59/75/63 55/73/62 54/70/61
f 59/75/63 54/70/61 58/68/59
f 62/65/56 57/67/58 56/52/47
f 56/52/47 57/67/58 52/50/46
f 63/66/57 64/81/68 58/68/59
f 58/68/59 64/81/68 59/75/63
f 64/81/68 65/77/65 59/75/63
f 67/63/54 62/65/56 61/54/48
f 61/54/48 62/65/56 56/52/47
f 71/61/52 67/63/54 66/56/49
f 66/56/49 67/63/54 61/54/48
f 70/58/50 71/61/52 66/56/49
f 28/86/36 72/87/72 87/88/73
f 87/88/73 72/87/72 73/89/74
f 87/88/73 73/89/74 74/90/75
f 87/88/73 74/90/75 88/91/76
f 88/91/76 74/90/75 75/92/77
f 88/91/76 75/92/77 89/93/78
f 89/93/78 75/92/77 76/94/79
f 89/93/78 76/94/79 77/95/80
f 89/93/78 77/95/80 90/96/81
f 90/96/81 77/95/80 78/97/82
f 90/96/81 78/97/82 91/98/83
f 91/98/83 78/97/82 79/99/84
f 91/98/83 79/99/84 81/100/85
f 81/100/85 79/99/84 80/101/86
f 81/100/85 82/102/87 91/98/83
f 91/98/83 82/102/87 90/96/81
f 82/102/87 83/103/88 90/96/81
f 90/96/81 83/103/88 89/93/78
f 83/103/88 84/104/89 89/93/78
f 89/93/78 84/104/89 88/91/76
f 84/104/89 85/105/90 88/91/76
f 88/91/76 85/105/90 87/88/73
f 85/105/90 86/106/91 87/88/73
f 87/88/73 86/106/91 28/86/36
f 29/107/34 28/108/36 99/109/92
f 99/109/92 28/108/36 86/110/91
f 99/109/92 86/110/91 98/111/93
f 98/111/93 86/110/91 85/112/90
f 98/111/93 85/112/90 102/113/94
f 102/113/94 85/112/90 101/114/95
f 102/113/94 101/114/95 107/115/96
f 107/115/96 101/114/95 106/116/97
f 107/115/96 106/116/97 112/117/98
f 112/117/98 106/116/97 111/118/99
f 112/117/98 111/118/99 116/119/100
f 116/119/100 111/118/99 115/120/101
f 116/119/100 115/120/101 95/121/102
f 95/121/102 115/120/101 94/122/103
f 94/122/103 115/120/101 114/123/104
f 94/122/103 114/123/104 93/124/105
f 93/124/105 114/123/104 110/125/106
f 93/124/105 110/125/106 109/126/107
f 109/126/107 110/125/106 104/127/108
f 109/126/107 104/127/108 81/128/85
f 81/128/85 104/127/108 82/129/87
f 82/129/87 104/127/108 83/130/88
f 83/130/88 104/127/108 105/131/109
f 83/130/88 105/131/109 100/132/110
f 100/132/110 105/131/109 106/116/97
f 100/132/110 106/116/97 101/114/95
f 85/112/90 84/133/89 101/114/95
f 101/114/95 84/133/89 100/132/110
f 84/133/89 83/130/88 100/132/110
f 81/128/85 92/134/111 109/126/107
f 109/126/107 92/134/111 93/124/105
f 116/119/100 95/121/102 118/135/112
f 118/135/112 95/121/102 96/136/113
f 118/135/112 96/136/113 97/137/114
f 97/137/114 96/136/113 34/138/26
f 97/137/114 34/138/26 33/139/27
f 97/137/114 33/139/27 117/140/115
f 117/140/115 33/139/27 32/141/28
f 117/140/115 32/141/28 113/142/116
f 113/142/116 32/141/28 31/143/30
f 113/142/116 31/143/30 108/144/117
f 108/144/117 31/143/30 30/145/32
f 108/144/117 30/145/32 103/146/118
f 103/146/118 30/145/32 29/107/34
f 103/146/118 29/107/34 99/109/92
f 103/146/118 99/109/92 98/111/93
f 108/144/117 103/146/118 102/113/94
f 102/113/94 103/146/118 98/111/93
f 108/144/117 102/113/94 107/115/96
f 111/118/99 106/116/97 105/131/109
f 111/118/99 105/131/109 110/125/106
f 110/125/106 105/131/109 104/127/108
f 113/142/116 108/144/117 107/115/96
f 113/142/116 107/115/96 112/117/98
f 115/120/101 111/118/99 110/125/106
f 114/123/104 115/120/101 110/125/106
f 117/140/115 113/142/116 112/117/98
f 117/140/115 112/117/98 116/119/100
f 97/137/114 117/140/115 116/119/100
f 118/135/112 97/137/114 116/119/100
f 1/147/2 16/148/1 127/149/119
f 127/149/119 16/148/1 126/150/120
f 126/150/120 16/148/1 125/151/121
f 125/151/121 16/148/1 119/152/122
f 125/151/121 119/152/122 124/153/123
f 124/153/123 119/152/122 123/154/124
f 123/154/124 119/152/122 120/155/125
f 123/154/124 120/155/125 122/156/126
f 122/156/126 120/155/125 121/157/127
f 49/158/66 134/159/128 16/160/1
f 16/160/1 134/159/128 135/161/129
f 16/160/1 135/161/129 119/162/122
f 119/162/122 135/161/129 133/163/130
f 133/163/130 135/161/129 132/164/131
f 132/164/131 135/161/129 137/165/132
f 132/164/131 137/165/132 131/166/133
f 131/166/133 137/165/132 139/167/134
f 131/166/133 139/167/134 130/168/135
f 130/168/135 139/167/134 141/169/136
f 130/168/135 141/169/136 129/170/137
f 129/170/137 141/169/136 143/171/138
f 129/170/137 143/171/138 128/172/139
f 128/172/139 143/171/138 142/173/140
f 128/172/139 142/173/140 22/174/24
f 22/174/24 142/173/140 45/175/51
f 45/175/51 142/173/140 46/176/53
f 46/176/53 142/173/140 140/177/141
f 46/176/53 140/177/141 47/178/70
f 47/178/70 140/177/141 138/179/142
f 47/178/70 138/179/142 48/180/67
f 48/180/67 138/179/142 136/181/143
f 48/180/67 136/181/143 49/158/66
f 49/158/66 136/181/143 134/159/128
f 137/165/132 135/161/129 134/159/128
f 137/165/132 134/159/128 136/181/143
f 139/167/134 137/165/132 136/181/143
f 139/167/134 136/181/143 138/179/142
f 141/169/136 139/167/134 138/179/142
f 141/169/136 138/179/142 140/177/141
f 143/171/138 141/169/136 140/177/141
f 143/171/138 140/177/141 142/173/140
f 34/182/26 144/183/144 22/184/24
f 22/184/24 144/183/144 128/185/139
f 96/186/113 151/187/145 34/188/26
f 34/188/26 151/187/145 152/189/146
f 34/188/26 152/189/146 144/190/144
f 144/190/144 152/189/146 150/191/147
f 150/191/147 152/189/146 149/192/148
f 149/192/148 152/189/146 154/193/149
f 149/192/148 154/193/149 148/194/150
f 148/194/150 154/193/149 156/195/151
f 148/194/150 156/195/151 147/196/152
f 147/196/152 156/195/151 158/197/153
f 147/196/152 158/197/153 146/198/154
f 146/198/154 158/197/153 160/199/155
f 146/198/154 160/199/155 145/200/156
f 145/200/156 160/199/155 159/201/157
f 145/200/156 159/201/157 81/202/85
f 81/202/85 159/201/157 92/203/111
f 92/203/111 159/201/157 93/204/105
f 93/204/105 159/201/157 157/205/158
f 93/204/105 157/205/158 94/206/103
f 94/206/103 157/205/158 155/207/159
f 94/206/103 155/207/159 95/208/102
f 95/208/102 155/207/159 153/209/160
f 95/208/102 153/209/160 96/186/113
f 96/186/113 153/209/160 151/187/145
f 154/193/149 152/189/146 151/187/145
f 154/193/149 151/187/145 153/209/160
f 156/195/151 154/193/149 153/209/160
f 156/195/151 153/209/160 155/207/159
f 158/197/153 156/195/151 155/207/159
f 158/197/153 155/207/159 157/205/158
f 160/199/155 158/197/153 157/205/158
f 160/199/155 157/205/158 159/201/157
f 80/210/86 161/211/161 81/212/85
f 81/212/85 161/211/161 162/213/162
f 81/212/85 162/213/162 163/214/163
f 81/212/85 163/214/163 145/215/156
f 145/215/156 163/214/163 164/216/164
f 145/215/156 164/216/164 165/217/165
f 145/215/156 165/217/165 168/218/166
f 168/218/166 165/217/165 166/219/167
f 168/218/166 166/219/167 167/220/168
f 196/221/169 169/222/170 195/223/171
f 195/223/171 169/222/170 170/224/172
f 195/223/171 170/224/172 194/225/173
f 194/225/173 170/224/172 171/226/174
f 194/225/173 171/226/174 193/227/175
f 193/227/175 171/226/174 172/228/176
f 193/227/175 172/228/176 192/229/177
f 192/229/177 172/228/176 173/230/178
f 192/229/177 173/230/178 191/231/179
f 191/231/179 173/230/178 174/232/180
f 191/231/179 174/232/180 190/233/181
f 190/233/181 174/232/180 175/234/182
f 190/233/181 175/234/182 176/235/183
f 190/233/181 176/235/183 189/236/184
f 189/236/184 176/235/183 177/237/185
f 189/236/184 177/237/185 188/238/186
f 188/238/186 177/237/185 178/239/187
f 188/238/186 178/239/187 187/240/188
f 187/240/188 178/239/187 179/241/189
f 187/240/188 179/241/189 186/242/190
f 186/242/190 179/241/189 180/243/191
f 186/242/190 180/243/191 185/244/192
f 185/244/192 180/243/191 181/245/193
f 185/244/192 181/245/193 184/246/194
f 184/246/194 181/245/193 182/247/195
f 184/246/194 182/247/195 183/248/196
f 9/249/16 197/250/197 10/251/15
f 10/251/15 197/250/197 198/252/198
f 10/251/15 198/252/198 28/253/36
f 28/253/36 198/252/198 72/254/72
f 190/255/199 189/256/200 197/250/197
f 197/250/197 189/256/200 198/252/198
f 198/257/201 189/258/202 204/259/203
f 204/259/203 189/258/202 188/260/204
f 204/259/203 188/260/204 187/261/205
f 204/259/203 187/261/205 203/262/206
f 203/262/206 187/261/205 186/263/207
f 203/262/206 186/263/207 202/264/208
f 202/264/208 186/263/207 185/265/209
f 202/264/208 185/265/209 201/266/210
f 201/266/210 185/265/209 183/267/211
f 201/266/210 183/267/211 199/268/212
f 185/265/209 184/269/213 183/267/211
f 199/268/212 200/270/214 201/266/210
f 183/271/196 182/272/195 199/273/215
f 199/273/215 182/272/195 205/274/216
f 205/275/217 182/276/218 207/277/219
f 207/277/219 182/276/218 181/278/220
f 207/277/219 181/278/220 180/279/221
f 180/279/221 179/280/222 207/277/219
f 207/277/219 179/280/222 178/281/223
f 207/277/219 178/281/223 177/282/224
f 177/282/224 176/283/225 207/277/219
f 207/277/219 176/283/225 206/284/226
f 208/285/227 209/286/228 207/277/219
f 207/277/219 209/286/228 210/287/229
f 207/277/219 210/287/229 211/288/230
f 211/288/230 212/289/231 207/277/219
f 207/277/219 212/289/231 213/290/232
f 207/277/219 213/290/232 214/291/233
f 214/291/233 215/292/234 207/277/219
f 207/277/219 215/292/234 216/293/235
f 207/277/219 216/293/235 217/294/236
f 217/294/236 218/295/237 207/277/219
f 207/277/219 218/295/237 205/275/217
f 220/296/238 231/297/239 219/298/240
f 219/298/240 231/297/239 232/299/241
f 219/298/240 232/299/241 230/300/242
f 230/300/242 232/299/241 233/301/243
f 230/300/242 233/301/243 229/302/244
f 229/302/244 233/301/243 228/303/245
f 228/303/245 233/301/243 236/304/246
f 228/303/245 236/304/246 227/305/247
f 227/305/247 236/304/246 239/306/248
f 227/305/247 239/306/248 226/307/249
f 226/307/249 239/306/248 242/308/250
f 226/307/249 242/308/250 225/309/251
f 225/309/251 242/308/250 245/310/252
f 225/309/251 245/310/252 119/311/122
f 119/311/122 245/310/252 244/312/253
f 119/311/122 244/312/253 120/313/125
f 120/313/125 244/312/253 243/314/254
f 120/313/125 243/314/254 224/315/255
f 224/315/255 243/314/254 223/316/256
f 223/316/256 243/314/254 240/317/257
f 223/316/256 240/317/257 222/318/258
f 222/318/258 240/317/257 237/319/259
f 222/318/258 237/319/259 221/320/260
f 221/320/260 237/319/259 234/321/261
f 221/320/260 234/321/261 220/296/238
f 220/296/238 234/321/261 231/297/239
f 236/304/246 233/301/243 232/299/241
f 232/299/241 231/297/239 235/322/262
f 235/322/262 231/297/239 234/321/261
f 235/322/262 234/321/261 238/323/263
f 238/323/263 234/321/261 237/319/259
f 238/323/263 237/319/259 241/324/264
f 241/324/264 237/319/259 240/317/257
f 241/324/264 240/317/257 244/312/253
f 244/312/253 240/317/257 243/314/254
f 239/306/248 236/304/246 235/322/262
f 235/322/262 236/304/246 232/299/241
f 239/306/248 235/322/262 238/323/263
f 242/308/250 239/306/248 238/323/263
f 242/308/250 238/323/263 241/324/264
f 245/310/252 242/308/250 241/324/264
f 245/310/252 241/324/264 244/312/253
f 133/325/130 256/326/265 119/327/122
f 119/327/122 256/326/265 255/328/266
f 119/327/122 255/328/266 225/329/251
f 225/329/251 255/328/266 226/330/249
f 226/330/249 255/328/266 254/331/267
f 226/330/249 254/331/267 270/332/268
f 270/332/268 254/331/267 253/333/269
f 270/332/268 253/333/269 269/334/270
f 269/334/270 253/333/269 252/335/271
f 269/334/270 252/335/271 268/336/272
f 268/336/272 252/335/271 251/337/273
f 268/336/272 251/337/273 267/338/274
f 267/338/274 251/337/273 249/339/275
f 267/338/274 249/339/275 250/340/276
f 133/325/130 132/341/131 256/326/265
f 256/326/265 132/341/131 257/342/277
f 256/326/265 257/342/277 255/328/266
f 255/328/266 257/342/277 254/331/267
f 257/342/277 132/341/131 261/343/278
f 261/343/278 132/341/131 131/344/133
f 261/343/278 131/344/133 262/345/279
f 262/345/279 131/344/133 130/346/135
f 262/345/279 130/346/135 263/347/280
f 263/347/280 130/346/135 265/348/281
f 263/347/280 265/348/281 266/349/282
f 266/349/282 265/348/281 129/350/137
f 266/349/282 129/350/137 128/351/139
f 130/346/135 129/350/137 265/348/281
f 128/351/139 246/352/283 266/349/282
f 266/349/282 246/352/283 264/353/284
f 266/349/282 264/353/284 263/347/280
f 263/347/280 264/353/284 259/354/285
f 263/347/280 259/354/285 258/355/286
f 258/355/286 259/354/285 253/333/269
f 258/355/286 253/333/269 254/331/267
f 246/352/283 247/356/287 264/353/284
f 264/353/284 247/356/287 260/357/288
f 264/353/284 260/357/288 259/354/285
f 259/354/285 260/357/288 252/335/271
f 259/354/285 252/335/271 253/333/269
f 247/356/287 248/358/289 260/357/288
f 260/357/288 248/358/289 251/337/273
f 260/357/288 251/337/273 252/335/271
f 248/358/289 249/339/275 251/337/273
f 267/338/274 250/340/276 271/359/290
f 271/359/290 250/340/276 230/360/242
f 271/359/290 230/360/242 229/361/244
f 271/359/290 229/361/244 272/362/291
f 272/362/291 229/361/244 228/363/245
f 272/362/291 228/363/245 268/336/272
f 268/336/272 228/363/245 269/334/270
f 228/363/245 227/364/247 269/334/270
f 269/334/270 227/364/247 270/332/268
f 227/364/247 226/330/249 270/332/268
f 258/355/286 254/331/267 257/342/277
f 261/343/278 262/345/279 257/342/277
f 257/342/277 262/345/279 258/355/286
f 262/345/279 263/347/280 258/355/286
f 272/362/291 268/336/272 267/338/274
f 271/359/290 272/362/291 267/338/274
f 278/365/292 219/366/240 277/367/293
f 277/367/293 219/366/240 230/368/242
f 277/367/293 230/368/242 273/369/294
f 277/367/293 273/369/294 276/370/295
f 276/370/295 273/369/294 274/371/296
f 276/370/295 274/371/296 275/372/297
f 250/373/276 284/374/298 230/375/242
f 230/375/242 284/374/298 285/376/299
f 230/375/242 285/376/299 273/377/294
f 273/377/294 285/376/299 283/378/300
f 283/378/300 285/376/299 282/379/301
f 282/379/301 285/376/299 287/380/302
f 282/379/301 287/380/302 281/381/303
f 281/381/303 287/380/302 289/382/304
f 281/381/303 289/382/304 280/383/305
f 280/383/305 289/382/304 291/384/306
f 280/383/305 291/384/306 279/385/307
f 279/385/307 291/384/306 293/386/308
f 279/385/307 293/386/308 144/387/144
f 144/387/144 293/386/308 292/388/309
f 144/387/144 292/388/309 128/389/139
f 128/389/139 292/388/309 246/390/283
f 246/390/283 292/388/309 247/391/287
f 247/391/287 292/388/309 290/392/310
f 247/391/287 290/392/310 248/393/289
f 248/393/289 290/392/310 288/394/311
f 248/393/289 288/394/311 249/395/275
f 249/395/275 288/394/311 286/396/312
f 249/395/275 286/396/312 250/373/276
f 250/373/276 286/396/312 284/374/298
f 287/380/302 285/376/299 284/374/298
f 287/380/302 284/374/298 286/396/312
f 289/382/304 287/380/302 286/396/312
f 289/382/304 286/396/312 288/394/311
f 291/384/306 289/382/304 288/394/311
f 291/384/306 288/394/311 290/392/310
f 293/386/308 291/384/306 290/392/310
f 293/386/308 290/392/310 292/388/309
f 294/397/313 304/398/314 168/399/166
f 168/399/166 304/398/314 305/400/315
f 168/399/166 305/400/315 145/401/156
f 145/401/156 305/400/315 306/402/316
f 145/401/156 306/402/316 303/403/317
f 303/403/317 306/402/316 302/404/318
f 302/404/318 306/402/316 309/405/319
f 302/404/318 309/405/319 301/406/320
f 301/406/320 309/405/319 312/407/321
f 301/406/320 312/407/321 300/408/322
f 300/408/322 312/407/321 315/409/323
f 300/408/322 315/409/323 299/410/324
f 299/410/324 315/409/323 318/411/325
f 299/410/324 318/411/325 273/412/294
f 273/412/294 318/411/325 317/413/326
f 273/412/294 317/413/326 274/414/296
f 274/414/296 317/413/326 316/415/327
f 274/414/296 316/415/327 298/416/328
f 298/416/328 316/415/327 297/417/329
f 297/417/329 316/415/327 313/418/330
f 297/417/329 313/418/330 296/419/331
f 296/419/331 313/418/330 310/420/332
f 296/419/331 310/420/332 295/421/333
f 295/421/333 310/420/332 307/422/334
f 295/421/333 307/422/334 294/397/313
f 294/397/313 307/422/334 304/398/314
f 309/405/319 306/402/316 305/400/315
f 305/400/315 304/398/314 308/423/335
f 308/423/335 304/398/314 307/422/334
f 308/423/335 307/422/334 311/424/336
f 311/424/336 307/422/334 310/420/332
f 311/424/336 310/420/332 314/425/337
f 314/425/337 310/420/332 313/418/330
f 314/425/337 313/418/330 317/413/326
f 317/413/326 313/418/330 316/415/327
f 312/407/321 309/405/319 308/423/335
f 308/423/335 309/405/319 305/400/315
f 312/407/321 308/423/335 311/424/336
f 315/409/323 312/407/321 311/424/336
f 315/409/323 311/424/336 314/425/337
f 318/411/325 315/409/323 314/425/337
f 318/411/325 314/425/337 317/413/326
f 303/426/317 325/427/338 145/428/156
f 145/428/156 325/427/338 324/429/339
f 145/428/156 324/429/339 146/430/154
f 146/430/154 324/429/339 147/431/152
f 147/431/152 324/429/339 323/432/340
f 147/431/152 323/432/340 338/433/341
f 338/433/341 323/432/340 322/434/342
f 338/433/341 322/434/342 337/435/343
f 337/435/343 322/434/342 321/436/344
f 337/435/343 321/436/344 336/437/345
f 336/437/345 321/436/344 320/438/346
f 336/437/345 320/438/346 335/439/347
f 335/439/347 320/438/346 280/440/305
f 335/439/347 280/440/305 279/441/307
f 303/426/317 302/442/318 325/427/338
f 325/427/338 302/442/318 326/443/348
f 325/427/338 326/443/348 324/429/339
f 324/429/339 326/443/348 323/432/340
f 326/443/348 302/442/318 330/444/349
f 330/444/349 302/442/318 301/445/320
f 330/444/349 301/445/320 331/446/350
f 331/446/350 301/445/320 300/447/322
f 331/446/350 300/447/322 332/448/351
f 332/448/351 300/447/322 334/449/352
f 332/448/351 334/449/352 319/450/353
f 319/450/353 334/449/352 299/451/324
f 319/450/353 299/451/324 273/452/294
f 300/447/322 299/451/324 334/449/352
f 273/452/294 283/453/300 319/450/353
f 319/450/353 283/453/300 333/454/354
f 319/450/353 333/454/354 332/448/351
f 332/448/351 333/454/354 328/455/355
f 332/448/351 328/455/355 327/456/356
f 327/456/356 328/455/355 322/434/342
f 327/456/356 322/434/342 323/432/340
f 283/453/300 282/457/301 333/454/354
f 333/454/354 282/457/301 329/458/357
f 333/454/354 329/458/357 328/455/355
f 328/455/355 329/458/357 321/436/344
f 328/455/355 321/436/344 322/434/342
f 282/457/301 281/459/303 329/458/357
f 329/458/357 281/459/303 320/438/346
f 329/458/357 320/438/346 321/436/344
f 281/459/303 280/440/305 320/438/346
f 335/439/347 279/441/307 339/460/358
f 339/460/358 279/441/307 144/461/144
f 339/460/358 144/461/144 150/462/147
f 339/460/358 150/462/147 340/463/359
f 340/463/359 150/462/147 149/464/148
f 340/463/359 149/464/148 336/437/345
f 336/437/345 149/464/148 337/435/343
f 149/464/148 148/465/150 337/435/343
f 337/435/343 148/465/150 338/433/341
f 148/465/150 147/431/152 338/433/341
f 327/456/356 323/432/340 326/443/348
f 330/444/349 331/446/350 326/443/348
f 326/443/348 331/446/350 327/456/356
f 331/446/350 332/448/351 327/456/356
f 340/463/359 336/437/345 335/439/347
f 339/460/358 340/463/359 335/439/347
f 212/466/360 341/467/361 213/468/362
f 213/468/362 341/467/361 342/469/363
f 213/468/362 342/469/363 343/470/364
f 211/471/365 161/472/366 212/466/360
f 212/466/360 161/472/366 80/473/367
f 212/466/360 80/473/367 341/467/361
f 161/472/366 211/471/365 162/474/368
f 162/474/368 211/471/365 210/475/369
f 162/474/368 210/475/369 163/476/370
f 163/476/370 210/475/369 209/477/371
f 163/476/370 209/477/371 164/478/372
f 164/478/372 209/477/371 208/479/373
f 164/478/372 208/479/373 165/480/374
f 165/480/374 208/479/373 207/481/375
f 165/480/374 207/481/375 166/482/376
f 199/483/215 205/484/216 200/485/377
f 200/485/377 205/484/216 218/486/378
f 200/485/377 218/486/378 201/487/379
f 201/487/379 218/486/378 217/488/380
f 201/487/379 217/488/380 202/489/381
f 202/489/381 217/488/380 216/490/382
f 202/489/381 216/490/382 203/491/383
f 203/491/383 216/490/382 215/492/384
f 203/491/383 215/492/384 204/493/385
f 204/493/385 215/492/384 214/494/386
f 204/493/385 214/494/386 72/495/387
f 72/495/387 214/494/386 213/496/388
f 72/495/387 213/496/388 73/497/389
f 73/497/389 213/496/388 74/498/390
f 74/498/390 213/496/388 75/499/391
f 75/499/391 213/496/388 343/500/392
f 75/499/391 343/500/392 76/501/393
f 76/501/393 343/500/392 342/502/394
f 76/501/393 342/502/394 77/503/395
f 77/503/395 342/502/394 78/504/396
f 78/504/396 342/502/394 341/505/397
f 78/504/396 341/505/397 79/506/398
f 79/506/398 341/505/397 80/507/399
f 72/495/387 198/508/400 204/493/385
f 122/509/401 344/510/402 123/511/403
f 123/511/403 344/510/402 345/512/404
f 123/511/403 345/512/404 124/513/405
f 124/513/405 345/512/404 346/514/406
f 124/513/405 346/514/406 125/515/407
f 125/515/407 346/514/406 347/516/408
f 125/515/407 347/516/408 126/517/409
f 126/517/409 347/516/408 348/518/410
f 126/517/409 348/518/410 127/519/411
f 127/519/411 348/518/410 349/520/412
f 127/519/411 349/520/412 1/521/413
f 1/521/413 349/520/412 353/522/414
f 353/522/414 349/520/412 350/523/415
f 353/522/414 350/523/415 352/524/416
f 352/524/416 350/523/415 351/525/417
f 344/526/402 122/527/401 354/528/418
f 354/528/418 122/527/401 121/529/419
f 350/530/420 6/531/421 351/532/422
f 351/532/422 6/531/421 5/533/423
f 351/532/422 5/533/423 352/534/424
f 352/534/424 5/533/423 4/535/425
f 352/534/424 4/535/425 3/536/426
f 355/537/427 9/538/428 350/530/420
f 350/530/420 9/538/428 8/539/429
f 350/530/420 8/539/429 7/540/430
f 9/538/428 355/537/427 366/541/431
f 366/541/431 355/537/427 356/542/432
f 366/541/431 356/542/432 365/543/433
f 365/543/433 356/542/432 357/544/434
f 365/543/433 357/544/434 364/545/435
f 364/545/435 357/544/434 358/546/436
f 364/545/435 358/546/436 363/547/437
f 363/547/437 358/546/436 359/548/438
f 363/547/437 359/548/438 362/549/439
f 362/549/439 359/548/438 360/550/440
f 362/549/439 360/550/440 361/551/441
f 366/541/431 197/552/442 9/538/428
f 7/540/430 6/531/421 350/530/420
f 352/534/424 3/536/426 353/553/443
f 353/553/443 3/536/426 2/554/444
f 353/553/443 2/554/444 1/555/445
f 394/556/446 367/557/447 410/558/448
f 410/558/448 367/557/447 368/559/449
f 410/558/448 368/559/449 409/560/450
f 409/560/450 368/559/449 408/561/451
f 409/560/450 408/561/451 426/562/452
f 426/562/452 408/561/451 427/563/453
f 426/562/452 427/563/453 423/564/454
f 423/564/454 427/563/453 422/565/455
f 423/564/454 422/565/455 465/566/456
f 465/566/456 422/565/455 464/567/457
f 465/566/456 464/567/457 479/568/458
f 479/568/458 464/567/457 478/569/459
f 479/568/458 478/569/459 491/570/460
f 491/570/460 478/569/459 490/571/461
f 491/570/460 490/571/461 440/572/462
f 440/572/462 490/571/461 441/573/463
f 440/572/462 441/573/463 392/574/464
f 392/574/464 441/573/463 391/575/465
f 391/575/465 441/573/463 442/576/466
f 391/575/465 442/576/466 390/577/467
f 390/577/467 442/576/466 443/578/468
f 390/577/467 443/578/468 389/579/469
f 389/579/469 443/578/468 444/580/470
f 389/579/469 444/580/470 388/581/471
f 388/581/471 444/580/470 445/582/472
f 388/581/471 445/582/472 387/583/473
f 387/583/473 445/582/472 446/584/474
f 387/583/473 446/584/474 386/585/475
f 386/585/475 446/584/474 447/586/476
f 386/585/475 447/586/476 385/587/477
f 385/587/477 447/586/476 448/588/478
f 385/587/477 448/588/478 384/589/479
f 384/589/479 448/588/478 449/590/480
f 384/589/479 449/590/480 383/591/481
f 383/591/481 449/590/480 450/592/482
f 383/591/481 450/592/482 451/593/483
f 451/593/483 450/592/482 480/594/484
f 451/593/483 480/594/484 395/595/485
f 395/595/485 480/594/484 467/596/486
f 395/595/485 467/596/486 381/597/487
f 381/597/487 467/596/486 453/598/488
f 381/597/487 453/598/488 380/599/489
f 380/599/489 453/598/488 411/600/490
f 380/599/489 411/600/490 438/601/491
f 438/601/491 411/600/490 412/602/492
f 438/601/491 412/602/492 437/603/493
f 437/603/493 412/602/492 413/604/494
f 437/603/493 413/604/494 436/605/495
f 436/605/495 413/604/494 414/606/496
f 436/605/495 414/606/496 435/607/497
f 435/607/497 414/606/496 415/608/498
f 435/607/497 415/608/498 434/609/499
f 434/609/499 415/608/498 416/610/500
f 434/609/499 416/610/500 433/611/501
f 433/611/501 416/610/500 417/612/502
f 433/611/501 417/612/502 432/613/503
f 432/613/503 417/612/502 418/614/504
f 432/613/503 418/614/504 431/615/505
f 431/615/505 418/614/504 419/616/506
f 431/615/505 419/616/506 430/617/507
f 430/617/507 419/616/506 420/618/508
f 430/617/507 420/618/508 429/619/509
f 429/619/509 420/618/508 421/620/510
f 429/619/509 421/620/510 428/621/511
f 428/621/511 421/620/510 422/565/455
f 428/621/511 422/565/455 427/563/453
f 368/559/449 369/622/512 408/561/451
f 408/561/451 369/622/512 407/623/513
f 408/561/451 407/623/513 427/563/453
f 427/563/453 407/623/513 428/621/511
f 369/622/512 370/624/514 407/623/513
f 407/623/513 370/624/514 406/625/515
f 407/623/513 406/625/515 428/621/511
f 428/621/511 406/625/515 429/619/509
f 370/624/514 371/626/516 406/625/515
f 406/625/515 371/626/516 405/627/517
f 406/625/515 405/627/517 429/619/509
f 429/619/509 405/627/517 430/617/507
f 371/626/516 372/628/518 405/627/517
f 405/627/517 372/628/518 404/629/519
f 405/627/517 404/629/519 430/617/507
f 430/617/507 404/629/519 431/615/505
f 372/628/518 373/630/520 404/629/519
f 404/629/519 373/630/520 403/631/521
f 404/629/519 403/631/521 431/615/505
f 431/615/505 403/631/521 432/613/503
f 373/630/520 374/632/522 403/631/521
f 403/631/521 374/632/522 402/633/523
f 403/631/521 402/633/523 432/613/503
f 432/613/503 402/633/523 433/611/501
f 374/632/522 375/634/524 402/633/523
f 402/633/523 375/634/524 401/635/525
f 402/633/523 401/635/525 433/611/501
f 433/611/501 401/635/525 434/609/499
f 375/634/524 376/636/526 401/635/525
f 401/635/525 376/636/526 400/637/527
f 401/635/525 400/637/527 434/609/499
f 434/609/499 400/637/527 435/607/497
f 376/636/526 377/638/528 400/637/527
f 400/637/527 377/638/528 399/639/529
f 400/637/527 399/639/529 435/607/497
f 435/607/497 399/639/529 436/605/495
f 399/639/529 377/638/528 398/640/530
f 398/640/530 377/638/528 378/641/531
f 398/640/530 378/641/531 397/642/532
f 397/642/532 378/641/531 379/643/533
f 397/642/532 379/643/533 380/599/489
f 395/595/485 381/597/487 452/644/534
f 452/644/534 381/597/487 382/645/535
f 452/644/534 382/645/535 451/593/483
f 451/593/483 382/645/535 383/591/481
f 440/572/462 392/574/464 439/646/536
f 439/646/536 392/574/464 393/647/537
f 439/646/536 393/647/537 492/648/538
f 492/648/538 393/647/537 466/649/539
f 492/648/538 466/649/539 479/568/458
f 479/568/458 466/649/539 465/566/456
f 466/649/539 393/647/537 396/650/540
f 396/650/540 393/647/537 394/556/446
f 396/650/540 394/556/446 424/651/541
f 424/651/541 394/556/446 425/652/542
f 424/651/541 425/652/542 426/562/452
f 426/562/452 425/652/542 409/560/450
f 425/652/542 394/556/446 410/558/448
f 451/593/483 395/595/485 452/644/534
f 380/599/489 438/601/491 397/642/532
f 397/642/532 438/601/491 437/603/493
f 397/642/532 437/603/493 398/640/530
f 398/640/530 437/603/493 436/605/495
f 398/640/530 436/605/495 399/639/529
f 425/652/542 410/558/448 409/560/450
f 412/602/492 411/600/490 454/653/543
f 454/653/543 411/600/490 453/598/488
f 454/653/543 453/598/488 468/654/544
f 468/654/544 453/598/488 467/596/486
f 468/654/544 467/596/486 480/594/484
f 413/604/494 412/602/492 455/655/545
f 455/655/545 412/602/492 454/653/543
f 455/655/545 454/653/543 469/656/546
f 469/656/546 454/653/543 468/654/544
f 469/656/546 468/654/544 481/657/547
f 481/657/547 468/654/544 480/594/484
f 481/657/547 480/594/484 450/592/482
f 414/606/496 413/604/494 456/658/548
f 456/658/548 413/604/494 455/655/545
f 456/658/548 455/655/545 470/659/549
f 470/659/549 455/655/545 469/656/546
f 470/659/549 469/656/546 482/660/550
f 482/660/550 469/656/546 481/657/547
f 482/660/550 481/657/547 449/590/480
f 449/590/480 481/657/547 450/592/482
f 415/608/498 414/606/496 457/661/551
f 457/661/551 414/606/496 456/658/548
f 457/661/551 456/658/548 471/662/552
f 471/662/552 456/658/548 470/659/549
f 471/662/552 470/659/549 483/663/553
f 483/663/553 470/659/549 482/660/550
f 483/663/553 482/660/550 448/588/478
f 448/588/478 482/660/550 449/590/480
f 416/610/500 415/608/498 458/664/554
f 458/664/554 415/608/498 457/661/551
f 458/664/554 457/661/551 472/665/555
f 472/665/555 457/661/551 471/662/552
f 472/665/555 471/662/552 484/666/556
f 484/666/556 471/662/552 483/663/553
f 484/666/556 483/663/553 447/586/476
f 447/586/476 483/663/553 448/588/478
f 417/612/502 416/610/500 459/667/557
f 459/667/557 416/610/500 458/664/554
f 459/667/557 458/664/554 473/668/558
f 473/668/558 458/664/554 472/665/555
f 473/668/558 472/665/555 485/669/559
f 485/669/559 472/665/555 484/666/556
f 485/669/559 484/666/556 446/584/474
f 446/584/474 484/666/556 447/586/476
f 418/614/504 417/612/502 460/670/560
f 460/670/560 417/612/502 459/667/557
f 460/670/560 459/667/557 474/671/561
f 474/671/561 459/667/557 473/668/558
f 474/671/561 473/668/558 486/672/562
f 486/672/562 473/668/558 485/669/559
f 486/672/562 485/669/559 445/582/472
f 445/582/472 485/669/559 446/584/474
f 419/616/506 418/614/504 461/673/563
f 461/673/563 418/614/504 460/670/560
f 461/673/563 460/670/560 475/674/564
f 475/674/564 460/670/560 474/671/561
f 475/674/564 474/671/561 487/675/565
f 487/675/565 474/671/561 486/672/562
f 487/675/565 486/672/562 444/580/470
f 444/580/470 486/672/562 445/582/472
f 420/618/508 419/616/506 462/676/566
f 462/676/566 419/616/506 461/673/563
f 462/676/566 461/673/563 476/677/567
f 476/677/567 461/673/563 475/674/564
f 476/677/567 475/674/564 488/678/568
f 488/678/568 475/674/564 487/675/565
f 488/678/568 487/675/565 443/578/468
f 443/578/468 487/675/565 444/580/470
f 464/567/457 422/565/455 421/620/510
f 421/620/510 420/618/508 463/679/569
f 463/679/569 420/618/508 462/676/566
f 463/679/569 462/676/566 477/680/570
f 477/680/570 462/676/566 476/677/567
f 477/680/570 476/677/567 489/681/571
f 489/681/571 476/677/567 488/678/568
f 489/681/571 488/678/568 442/576/466
f 442/576/466 488/678/568 443/578/468
f 396/650/540 424/651/541 423/564/454
f 423/564/454 424/651/541 426/562/452
f 396/650/540 423/564/454 465/566/456
f 491/570/460 440/572/462 439/646/536
f 489/681/571 442/576/466 441/573/463
f 489/681/571 441/573/463 490/571/461
f 478/569/459 464/567/457 463/679/569
f 463/679/569 464/567/457 421/620/510
f 478/569/459 463/679/569 477/680/570
f 466/649/539 396/650/540 465/566/456
f 490/571/461 478/569/459 477/680/570
f 490/571/461 477/680/570 489/681/571
f 492/648/538 479/568/458 491/570/460
f 439/646/536 492/648/538 491/570/460
f 381/682/487 380/683/489 276/684/572
f 276/684/572 380/683/489 277/685/573
f 277/685/573 380/683/489 379/686/533
f 378/687/574 501/688/575 379/689/576
f 379/689/576 501/688/575 502/690/577
f 379/689/576 502/690/577 277/691/578
f 277/691/578 502/690/577 503/692/579
f 277/691/578 503/692/579 504/693/580
f 501/688/575 378/687/574 500/694/581
f 500/694/581 378/687/574 377/695/582
f 500/694/581 377/695/582 376/696/583
f 376/696/583 375/697/584 500/694/581
f 500/694/581 375/697/584 499/698/585
f 499/698/585 375/697/584 374/699/586
f 499/698/585 374/699/586 373/700/587
f 373/700/587 372/701/588 499/698/585
f 499/698/585 372/701/588 371/702/589
f 499/698/585 371/702/589 370/703/590
f 370/703/590 369/704/591 499/698/585
f 499/698/585 369/704/591 498/705/592
f 498/705/592 369/704/591 368/706/593
f 498/705/592 368/706/593 497/707/594
f 497/707/594 368/706/593 367/708/595
f 497/707/594 367/708/595 496/709/596
f 496/709/596 367/708/595 495/710/597
f 495/710/597 367/708/595 493/711/598
f 495/710/597 493/711/598 494/712/599
f 504/693/580 505/713/600 277/691/578
f 277/691/578 505/713/600 506/714/601
f 277/691/578 506/714/601 278/715/602
f 278/715/602 506/714/601 507/716/603
f 278/715/602 507/716/603 508/717/604
f 501/718/605 509/719/606 502/720/607
f 502/720/607 509/719/606 510/721/608
f 502/720/607 510/721/608 503/722/609
f 503/722/609 510/721/608 511/723/610
f 503/722/609 511/723/610 504/724/611
f 504/724/611 511/723/610 512/725/612
f 504/724/611 512/725/612 505/726/613
f 505/726/613 512/725/612 513/727/614
f 505/726/613 513/727/614 506/728/615
f 506/728/615 513/727/614 514/729/616
f 506/728/615 514/729/616 507/730/617
f 507/730/617 514/729/616 515/731/618
f 495/732/619 516/733/620 496/734/621
f 496/734/621 516/733/620 517/735/622
f 496/734/621 517/735/622 497/736/623
f 497/736/623 517/735/622 518/737/624
f 497/736/623 518/737/624 498/738/625
f 498/738/625 518/737/624 519/739/626
f 498/738/625 519/739/626 499/740/627
f 499/740/627 519/739/626 520/741/628
f 499/740/627 520/741/628 500/742/629
f 500/742/629 520/741/628 521/743/630
f 500/742/629 521/743/630 501/744/631
f 501/744/631 521/743/630 509/745/632
f 514/746/633 517/747/634 515/748/635
f 515/748/635 517/747/634 516/749/636
f 515/748/635 516/749/636 523/750/637
f 523/750/637 516/749/636 522/751/638
f 517/747/634 514/746/633 518/752/639
f 518/752/639 514/746/633 513/753/640
f 518/752/639 513/753/640 519/754/641
f 519/754/641 513/753/640 512/755/642
f 519/754/641 512/755/642 520/756/643
f 520/756/643 512/755/642 511/757/644
f 520/756/643 511/757/644 521/758/645
f 521/758/645 511/757/644 510/759/646
f 521/758/645 510/759/646 509/760/647
f 495/761/619 494/762/648 516/763/620
f 516/763/620 494/762/648 522/764/649
f 537/765/650 524/766/651 536/767/652
f 536/767/652 524/766/651 525/768/653
f 536/767/652 525/768/653 535/769/654
f 535/769/654 525/768/653 526/770/655
f 535/769/654 526/770/655 534/771/656
f 534/771/656 526/770/655 527/772/657
f 534/771/656 527/772/657 533/773/658
f 533/773/658 527/772/657 528/774/659
f 533/773/658 528/774/659 532/775/660
f 532/775/660 528/774/659 529/776/661
f 532/775/660 529/776/661 531/777/662
f 531/777/662 529/776/661 530/778/663
f 530/779/664 529/780/665 545/781/666
f 545/781/666 529/780/665 528/782/667
f 545/781/666 528/782/667 544/783/668
f 544/783/668 528/782/667 527/784/669
f 544/783/668 527/784/669 543/785/670
f 543/785/670 527/784/669 526/786/671
f 543/785/670 526/786/671 542/787/672
f 542/787/672 526/786/671 525/788/673
f 542/787/672 525/788/673 541/789/674
f 541/789/674 525/788/673 524/790/675
f 541/789/674 524/790/675 540/791/676
f 540/791/676 524/790/675 539/792/677
f 539/792/677 524/790/675 538/793/678
f 537/794/650 546/795/679 524/796/651
f 524/796/651 546/795/679 538/797/680
f 531/798/681 530/799/682 552/800/683
f 552/800/683 530/799/682 545/801/684
f 552/800/683 545/801/684 551/802/685
f 551/802/685 545/801/684 544/803/686
f 551/802/685 544/803/686 550/804/687
f 550/804/687 544/803/686 543/805/688
f 550/804/687 543/805/688 549/806/689
f 549/806/689 543/805/688 542/807/690
f 549/806/689 542/807/690 548/808/691
f 548/808/691 542/807/690 541/809/692
f 548/808/691 541/809/692 547/810/693
f 547/810/693 541/809/692 540/811/694
f 547/812/693 540/813/694 553/814/695
f 553/814/695 540/813/694 539/815/696
f 507/816/617 515/817/618 508/818/697
f 508/818/697 515/817/618 523/819/698
f 392/820/699 549/821/700 393/822/701
f 393/822/701 549/821/700 548/823/702
f 393/822/701 548/823/702 547/824/703
f 549/821/700 392/820/699 550/825/704
f 550/825/704 392/820/699 391/826/705
f 550/825/704 391/826/705 551/827/706
f 551/827/706 391/826/705 390/828/707
f 551/827/706 390/828/707 389/829/708
f 389/829/708 388/830/709 551/827/706
f 551/827/706 388/830/709 387/831/710
f 551/827/706 387/831/710 386/832/711
f 386/832/711 385/833/712 551/827/706
f 551/827/706 385/833/712 552/834/713
f 552/834/713 385/833/712 384/835/714
f 552/834/713 384/835/714 383/836/715
f 383/836/715 382/837/716 552/834/713
f 552/834/713 382/837/716 531/838/717
f 531/838/717 382/837/716 381/839/718
f 531/838/717 381/839/718 532/840/719
f 532/840/719 381/839/718 276/841/720
f 532/840/719 276/841/720 533/842/721
f 533/842/721 276/841/720 534/843/722
f 534/843/722 276/841/720 535/844/723
f 535/844/723 276/841/720 536/845/724
f 536/845/724 276/841/720 275/846/725
f 536/845/724 275/846/725 537/847/726
f 537/847/726 275/846/725 546/848/727
f 553/849/728 554/850/729 547/824/703
f 547/824/703 554/850/729 393/822/701
f 367/851/447 394/852/446 493/853/730
f 493/853/730 394/852/446 554/854/731
f 554/854/731 394/852/446 393/855/537
f 166/856/376 207/857/375 167/858/732
f 167/858/732 207/857/375 206/859/733
f 195/860/734 194/861/735 196/862/736
f 196/862/736 194/861/735 363/863/737
f 196/862/736 363/863/737 361/864/738
f 361/864/738 363/863/737 362/865/739
f 363/863/737 194/861/735 364/866/740
f 364/866/740 194/861/735 193/867/741
f 364/866/740 193/867/741 365/868/742
f 365/868/742 193/867/741 192/869/743
f 365/868/742 192/869/743 366/870/744
f 366/870/744 192/869/743 191/871/745
f 366/870/744 191/871/745 190/872/746
f 190/872/746 197/873/747 366/870/744
f 169/874/170 196/875/169 360/876/440
f 360/876/440 196/875/169 361/877/441
f 354/878/748 175/879/749 344/880/750
f 344/880/750 175/879/749 174/881/751
f 344/880/750 174/881/751 173/882/752
f 173/882/752 172/883/753 344/880/750
f 344/880/750 172/883/753 171/884/754
f 344/880/750 171/884/754 170/885/755
f 170/885/755 169/886/756 344/880/750
f 344/880/750 169/886/756 360/887/757
f 344/880/750 360/887/757 359/888/758
f 359/888/758 358/889/759 344/880/750
f 344/880/750 358/889/759 357/890/760
f 344/880/750 357/890/760 356/891/761
f 356/891/761 355/892/762 344/880/750
f 344/880/750 355/892/762 350/893/763
f 344/880/750 350/893/763 349/894/764
f 349/894/764 348/895/765 344/880/750
f 344/880/750 348/895/765 347/896/766
f 344/880/750 347/896/766 346/897/767
f 346/897/767 345/898/768 344/880/750
f 206/899/769 176/900/183 167/901/770
f 167/901/770 176/900/183 175/902/182
f 167/901/770 175/902/182 121/903/771
f 121/903/771 175/902/182 354/904/772
f 120/905/773 219/906/774 121/903/771
f 121/903/771 219/906/774 278/907/775
f 121/903/771 278/907/775 275/908/776
f 275/908/776 278/907/775 546/909/777
f 546/909/777 278/907/775 508/910/778
f 546/909/777 508/910/778 494/911/779
f 494/911/779 508/910/778 522/912/780
f 522/912/780 508/910/778 523/913/781
f 224/914/782 223/915/783 120/905/773
f 120/905/773 223/915/783 222/916/784
f 120/905/773 222/916/784 221/917/785
f 221/917/785 220/918/786 120/905/773
f 120/905/773 220/918/786 219/906/774
f 546/909/777 494/911/779 553/919/787
f 553/919/787 494/911/779 493/920/788
f 553/919/787 493/920/788 554/921/789
f 539/922/790 538/923/791 553/919/787
f 553/919/787 538/923/791 546/909/777
f 121/903/771 275/908/776 167/901/770
f 167/901/770 275/908/776 274/924/792
f 167/901/770 274/924/792 168/925/793
f 168/925/793 274/924/792 298/926/794
f 168/925/793 298/926/794 297/927/795
f 297/927/795 296/928/796 168/925/793
f 168/925/793 296/928/796 295/929/797
f 168/925/793 295/929/797 294/930/798
# 554 vertices
# 930 texture params
# 798 normals
# 1104 facets

# 1 groups
